,,Receiver,Receiver Profession,Receiver Name,Receiver + Title,Institution,Country,Region,Grant size (DKK),Year,Foundation_name,Description,Title,Project Category,Project Subcategory
23293,23588,nan,nan,Aarhus Universitet,#NA,#NA,#NA,#NA,4038172,2018,NOVO,Reading between Media,#NA,#NA,#NA
23294,23589,nan,nan,ADRA Denmark,#NA,#NA,#NA,#NA,658016,2018,NOVO,"Supplerende indtægter og forbedrede sanitetsforhold for familier i Aden, Yemen",#NA,#NA,#NA
23295,23590,"NNF Danish Stem Cell Center (DanStem), University of Copenhagen",Lektor,Agnete Kirkeby,#NA,#NA,#NA,#NA,9999701,2018,NOVO,Mapping human neural lineages in a novel in vitro model of the developing neural tube built with morphogenic gradients,#NA,#NA,#NA
23296,23591,"University of Copenhagen, Department of Biomedical Sciences",Associate Professor,Alicia Lundby,#NA,#NA,#NA,#NA,1505815,2018,NOVO,PKP2-dependent dysregulation of the heart in ARVC,#NA,#NA,#NA
23297,23592,"School of Communication and Culture, Aarhus University",Curator,Aliya Say,#NA,#NA,#NA,#NA,1895288,2018,NOVO,"Art, Humans, and Plants: On Corporeal Experience in the Anthropocene",#NA,#NA,#NA
23298,23593,"Danish Cancer Society Research Center, Kræftens Bekæmpelse",Senior Researcher,Allan Jensen,#NA,#NA,#NA,#NA,985986,2018,NOVO,Use of fertility drugs and risk of hormone-sensitive cancers in women,#NA,#NA,#NA
23299,23594,"Department of Plant and Environmental Sciences, University of Copenhagen",Associate Professor,Ana Assuncao,#NA,#NA,#NA,#NA,2973000,2018,NOVO,Zinc/On-The molecular switch for zinc biofortification in plants,#NA,#NA,#NA
23300,23595,"Biotech Research and Innovation Centre, BRIC, University of Copenhagen",Professor,Anders Henrik Lund,#NA,#NA,#NA,#NA,10000000,2018,NOVO,In vivo investigations of the ribosome code,#NA,#NA,#NA
23301,23596,"Department of Chemistry, Technical University of Denmark",Postdoc,Anders Højgaard Hansen,#NA,#NA,#NA,#NA,1650000,2018,NOVO,Biosynthetic strategies for development of improved antibody-based drug conjugates for cancer treatment,#NA,#NA,#NA
23302,23597,"Aalborg University, Chemistry and Bioscience",Associate Professor,Anders Olsen,#NA,#NA,#NA,#NA,1800000,2018,NOVO,"Dynein-one motor, many cargos and multiple cellular functions",#NA,#NA,#NA
23303,23598,Aarhus Universitet,Postdoc,Anders Prior,#NA,#NA,#NA,#NA,1600000,2018,NOVO,Complex multimorbidity and healthcare pathways in general practice,#NA,#NA,#NA
23304,23599,"University of Copenhagen, Department of Drug Design & Pharmacology",Associate Professor,Anders Skov Kristensen,#NA,#NA,#NA,#NA,2394078,2018,NOVO,Determination of the molecular principles for ionotropic glutamate receptor activation and inhibition by negative allosteric modulators,#NA,#NA,#NA
23305,23600,"Medical Cell Biology, University of Uppsala",Professor,Anders Tengholm,#NA,#NA,#NA,#NA,987000,2018,NOVO,Cyclic AMP signalling in islet hormone secretion,#NA,#NA,#NA
23306,23601,"Institute of Immunology and Microbiology (ISIM), University of Copenhagen",Professor,Anders Woetmann,#NA,#NA,#NA,#NA,500000,2018,NOVO,Selective B lymphocyte kinase (BLK) inhibitors for treatment of inflammatory diseases and cancer,#NA,#NA,#NA
23307,23602,"University of Copenhagen, Department of Veterinary and Animal Sciences",Associate Professor,Andrew Williams,#NA,#NA,#NA,#NA,1837500,2018,NOVO,Dietary regulation of type-2 inflammation,#NA,#NA,#NA
23308,23603,"Center of Relationships and Deescalation, Psychiatry, Region Sjaelland",Researcher,Anette Juel Kynde,#NA,#NA,#NA,#NA,1800000,2018,NOVO,Co-designing web-based psychoeducational resources for relatives of people with suicidal behaviour,#NA,#NA,#NA
23309,23604,"Department of Clinical Genetics, Odense Universitetshospital",Associate Professor,Anja Lisbeth Frederiksen,#NA,#NA,#NA,#NA,1491000,2018,NOVO,The Impact of Mitochondrial Dysfunction on Human Bone Cell Metabolism and Remodelling.,#NA,#NA,#NA
23310,23605,"Fertility Clinic, Copenhagen University Hospital",Professor,Anja Pinborg,#NA,#NA,#NA,#NA,782164,2018,NOVO,Health in Children born after ART (HiCART),#NA,#NA,#NA
23311,23606,nan,nan,Ankrin Therapeutics IVS,#NA,#NA,#NA,#NA,10000000,2018,NOVO,Innovation in precision oncology by exploiting inherent DNA repair dependencies.,#NA,#NA,#NA
23312,23607,"Department of Medical Biochemistry and Biophysics, Karolinska Institute",Senior Researcher,Anna Wredenberg,#NA,#NA,#NA,#NA,5000000,2018,NOVO,Mitochondrial dysfunction-a means to understanding genetic and metabolic responses in health and disease,#NA,#NA,#NA
23313,23608,"Biotech Research & Innovation Centre, Københavns Universitet",Projektleder,Anne Rahbek-Damm,#NA,#NA,#NA,#NA,1211737,2018,NOVO,Dataanalyse som grundlag for kræftforskning og udvikling af præcisionsmedicin: Et tværfagligt undervisningsforløb for Bioteknologi & Matematik på STX,#NA,#NA,#NA
23314,23609,"Otorhinolaryngology, Head and Neck Surgery and Audiology, Copenhagen University Hospital",Ph.D. Student,Annelise Mortensen,#NA,#NA,#NA,#NA,112927,2018,NOVO,Needs assessment and decision-making tool integrated in clinical practice to enhance patient involvement in Head and Neck Cancer Rehabilitation,#NA,#NA,#NA
23315,23610,Områdeinstitution Midtbyen/afd. Lindevej Sciencehus,nan,Annette Cronval & Gitte Laurentiussen,#NA,#NA,#NA,#NA,100000,2018,NOVO,NNF Naturtematisk Pædagogpris 2018 - Øst,#NA,#NA,#NA
23316,23611,"Department of Rheumatology, Aarhus University Hospital",Associate Professor,Annette de Thurah,#NA,#NA,#NA,#NA,495000,2018,NOVO,Web-based patient education in rheumatoid arthritis. Development and evaluation.,#NA,#NA,#NA
23317,23612,"Aarhus University, Department of Molecular Biology and Genetics",Associate Professor,Anni Andersen,#NA,#NA,#NA,#NA,1373000,2018,NOVO,Novel strategies for improvement of topoisomerase based cancer chemotherapy with camptothecin derivatives,#NA,#NA,#NA
23318,23613,"Stanford Bio-X University, Aarhus Universtitet",nan,Anton Smith,#NA,#NA,#NA,#NA,3798408,2018,NOVO,Enhancing Biopharmaceuticals through Modern Polymer Science,#NA,#NA,#NA
23319,23614,"MedD 7022, University of Turku",Adjunkt,Arno Hänninen,#NA,#NA,#NA,#NA,800000,2018,NOVO,Metabolic activity of gut microbiota in infancy and the impact of microbiota dysbiosis in childhood health and beta-cell stress in type 1 diabetes,#NA,#NA,#NA
23320,23615,"Wallenberg Laboratory for Cardiovascular and Metabolic Research, Gothenburg University",Professor,Åsa Tivesten,#NA,#NA,#NA,#NA,3000000,2018,NOVO,"Androgens, the Immune System, and Cardiovascular Disease in Men and Women",#NA,#NA,#NA
23321,23616,"Aalborg University Hospital, Steno Diabetes Center Nordjylland (SDCN)",Professor,Asbjørn Drewes,#NA,#NA,#NA,#NA,10270471,2018,NOVO,Vagus nerve stimulation for treatment of complications to autonomic neuropathy in type 2 diabetes,#NA,#NA,#NA
23322,23618,"Cardiology, Odense University Hospital",Associate Professor,Axel Diederichsen,#NA,#NA,#NA,#NA,147000,2018,NOVO,Risk of aortic valve calcification and aortic calcification by conventional vitamin K antagonist treatment,#NA,#NA,#NA
23323,23619,"Børneriget, Rigshospitalet",nan,Bent Ottesen,#NA,#NA,#NA,#NA,60000000,2018,NOVO,NNF Professorships in Pediatric Surgery at Rigshospitalet,#NA,#NA,#NA
23324,23620,"Molekylær Fysiologi, University of Copenhagen",Professor,Bente Kiens,#NA,#NA,#NA,#NA,945000,2018,NOVO,Understanding the mechanisms underpinning metabolic flexibility,#NA,#NA,#NA
23325,23621,"Aarhus University, Department of Chemistry and iNANO",Professor,Birgit Schiøtt,#NA,#NA,#NA,#NA,6580675,2018,NOVO,ROBUST: Resource fOr BiomolecUlar SimulaTions,#NA,#NA,#NA
23326,23622,"Clinic for Surgery and Oncology, Department of Oncology, Aalborg University Hospital",Postdoc,Birgith Pedersen,#NA,#NA,#NA,#NA,576675,2018,NOVO,Patient perspectives on chemotherapy induced peripheral neurotoxicity (CIPN) after adjuvant antineoplastic treatment for colorectal cancer (CRC),#NA,#NA,#NA
23327,23623,"Aarhus University, Department of Molecular Biology and Genetics",Associate Professor,Birgitta Knudsen,#NA,#NA,#NA,#NA,1500000,2018,NOVO,Regulation and Function of G-quadruplex DNA Structures in Promoters of Human Proto-oncogenes,#NA,#NA,#NA
23328,23624,VPCIR.COM ApS,nan,Birgitta Knudsen,#NA,#NA,#NA,#NA,894300,2018,NOVO,Viability Polymerase Circle Reaction (VPCIR) - a disruptive new technology for detection of pathogenic bacteria in food,#NA,#NA,#NA
23329,23625,"Department of Biomedical Sciences, Københavns Universitet",Professor,Birgitte Holst,#NA,#NA,#NA,#NA,500000,2018,NOVO,The endogenous Ghrelin Receptor antagonist Leap2 as basis for the for novel anti-obesity drug,#NA,#NA,#NA
23330,23626,"Department of Neuroscience, University of Copenhagen",Associate Professor,Birgitte Rahbek Kornum,#NA,#NA,#NA,#NA,3500000,2018,NOVO,Ceremedy,#NA,#NA,#NA
23331,23627,"University of Copenhagen, Department of Biology",Associate Professor,Birgitte Regenberg,#NA,#NA,#NA,#NA,1400000,2018,NOVO,"Atlas of circular DNA across organs, tissues and cells of mice",#NA,#NA,#NA
23332,23628,"University of Copenhagen, Department of Biology",Professor,Birthe B. Kragelund,#NA,#NA,#NA,#NA,23415000,2018,NOVO,The Copenhagen Center for Open NMR Spectroscopy-cOpenNMR,#NA,#NA,#NA
23333,23629,University of Copenhagen,Professor,Birthe B. Kragelund,#NA,#NA,#NA,#NA,60000000,2018,NOVO,REPIN - Rethinking Protein Interactions,#NA,#NA,#NA
23334,23630,"Statens Serum Institut, Epidemiology Research",Senior Researcher,Bjarke Feenstra,#NA,#NA,#NA,#NA,1200000,2018,NOVO,The continuum between Mendelian and complex disease-a phenome-wide association study of gene expression,#NA,#NA,#NA
23335,23631,"Department of Cardiolgy, Aarhus Universitetshospital",Physician,Bjarne Nørgaard,#NA,#NA,#NA,#NA,2450000,2018,NOVO,"The ""FLOW-PROMOTE"" study",#NA,#NA,#NA
23336,23632,"University of Southern Denmark, Department of Biochemistry and Molecular Biology",Professor,Blagoy Blagoev,#NA,#NA,#NA,#NA,2100000,2018,NOVO,Defining the transcriptional complexes in control of osteoblast and adipocyte differentiation of human mesenchymal stem cells,#NA,#NA,#NA
23337,23633,"Anæstesi og Intensiv Medicin, Aalborg Universitetshospital",Professor,Bodil Steen Rasmussen,#NA,#NA,#NA,#NA,3904312,2018,NOVO,Long-term cognitive and pulmonary effects of different handling of oxygenation in ICU patients-the LONG-HOT trial,#NA,#NA,#NA
23338,23634,nan,nan,BØRNEfonden,#NA,#NA,#NA,#NA,749962,2018,NOVO,"Lifesaving health intervention in Gambella refugee camps, Ethiopia",#NA,#NA,#NA
23339,23635,nan,nan,BØRNEfonden,#NA,#NA,#NA,#NA,749942,2018,NOVO,Access to Quality Education for Children in Conflict-Affected Communities,#NA,#NA,#NA
23340,23636,"Institut for Statskundskab, University of Aarhus",nan,Brian Bech Nielsen,#NA,#NA,#NA,#NA,15000000,2018,NOVO,Professorship within public leadership in the health sector,#NA,#NA,#NA
23341,23637,"Department of Oncology, Rigshospitalet",Chief Physician/Consultant,Camilla Qvortrup,#NA,#NA,#NA,#NA,1931500,2018,NOVO,"TAS-102 or TAS-102 plus Bevacizumab in pre-treated patients with Platinum-resistent Esophagogastric Adenocarcinoma, a randomised study",#NA,#NA,#NA
23342,23638,"NNF Center for Basic Metabolic Research, University of Copenhagen",Lektor,Camilla Scheele,#NA,#NA,#NA,#NA,999690,2018,NOVO,Identification and investigation of human brown fat derived adipokines,#NA,#NA,#NA
23343,23639,"Center for Aktiv Sundhed, Rigshospitalet",Associate Professor,Camilla Scheele,#NA,#NA,#NA,#NA,238833,2018,NOVO,CPH BAT 2019 International Conference on Brown and White Adipose in Metabolism: “Plasticity and Metabolic Cross-talk”,#NA,#NA,#NA
23344,23640,nan,nan,CARE Danmark,#NA,#NA,#NA,#NA,750000,2018,NOVO,Børn på flugt fra terror,#NA,#NA,#NA
23345,23641,nan,nan,CARE Danmark,#NA,#NA,#NA,#NA,750000,2018,NOVO,Humanitarian GBV & Protection Intervention for Congolese Refugees in Kyangwali Settlement,#NA,#NA,#NA
23346,23642,nan,nan,CARE Danmark,#NA,#NA,#NA,#NA,750000,2018,NOVO,Etablering af sikre områder for kvinder og børn efter monsunen i Cox's Bazaar,#NA,#NA,#NA
23347,23643,nan,nan,Carlsbergfondet,#NA,#NA,#NA,#NA,700000,2018,NOVO,UNLEASH Lab 2018,#NA,#NA,#NA
23348,23644,Skt. Josefs Skole,nan,Caroline Matthiassen & Ole Grevald,#NA,#NA,#NA,#NA,250000,2018,NOVO,NNF Naturfagslærerpris 2018 - Øst,#NA,#NA,#NA
23349,23645,"Department of Hematology, Copenhagen University Hospital",Lektor,Carsten Niemann,#NA,#NA,#NA,#NA,10543252,2018,NOVO,Preemptive Treatment with Ibrutinib and Venetoclax for Newly Diagnosed Patients with Chronic Lymphocytic Leukemia who are at Increased Risk of Immune Dysfunction as Identified by a Machine Learning Algorithm,#NA,#NA,#NA
23350,23646,"Danish Centre for Studies in Research and Research Policy (CFA), University of Aarhus",Professor,Carter Bloch,#NA,#NA,#NA,#NA,9977000,2018,NOVO,Promoting the socio-economic impact of research-the role of funding practices (PROSECON),#NA,#NA,#NA
23351,23647,"Danish Centre for Studies in Research and Research Policy (CFA), University of Aarhus",Professor,Carter Bloch,#NA,#NA,#NA,#NA,9977000,2018,NOVO,Promoting the socio-economic impact of research-the role of funding practices (PROSECON),#NA,#NA,#NA
23352,23648,"Diagnostic Centre, University Research Clinic for Innovative Patient Pathways, Regional Hospital Central Jutland",Ph.D. Student,Cathrine Bell,#NA,#NA,#NA,#NA,1800000,2018,NOVO,A Multidisciplinary Outpatient Pathway for Multimorbid Patients,#NA,#NA,#NA
23353,23649,"Respiratory Medicine, Bispebjerg Hospital",Professor,Celeste Porsbjerg,#NA,#NA,#NA,#NA,2986100,2018,NOVO,The AZIMUNE Study: Effects of low-dose azithromycin treatment on anti-viral immunity in patients with asthma and COPD.,#NA,#NA,#NA
23354,23650,"Metabolic Physiology, Gothenburg University",Lektor,Charlotta Olofsson,#NA,#NA,#NA,#NA,548800,2018,NOVO,The role of caveolae and exosomes in regulation of white adipocyte adiponectin exocytosis,#NA,#NA,#NA
23355,23651,Risbjergskolen,nan,Charlotte Hansen,#NA,#NA,#NA,#NA,250000,2018,NOVO,NNF Natur- og Teknologilærerpris 2018 Øst,#NA,#NA,#NA
23356,23652,"Department of Internal Medicine, Bispebjerg Hospital",Professor,Charlotte Suetta,#NA,#NA,#NA,#NA,2560000,2018,NOVO,Preventing loss of muscle mass and function in geriatric patients-the Copenhagen PROTECT study,#NA,#NA,#NA
23357,23653,National Gallery of Denmark,Seniorforsker,Chris Fischer,#NA,#NA,#NA,#NA,3996993,2018,NOVO,Fra Bartolommeos malerier og tegninger,#NA,#NA,#NA
23358,23654,University of Aarhus,Professor,Christian Aalkjær,#NA,#NA,#NA,#NA,150000,2018,NOVO,"Blood pressure effects of Na+,HCO3- -cotransporter NBCn1 in resistance arteries",#NA,#NA,#NA
23359,23655,The Royal Danish Academy of Fine Arts & University of Copenhagen,Artist,Christian Danielewitz,#NA,#NA,#NA,#NA,1574930,2018,NOVO,Hidden Flow: The Production of Invisible Territories in the Age of Digital Visibility,#NA,#NA,#NA
23360,23656,Foreningen Tænketanken CONCITO,CEO,Christian Ibsen,#NA,#NA,#NA,#NA,19019850,2018,NOVO,DEN GRØNNE RYGRAD - Et naturvidenskabeligt dannelsesprogram,#NA,#NA,#NA
23361,23657,"Department of Clinical Biochemistry, Rigshospitalet",Associate Professor,Christina Christoffersen,#NA,#NA,#NA,#NA,3000000,2018,NOVO,ApoM/S1P-a potential novel regulator of triglyceride metabolism,#NA,#NA,#NA
23362,23658,Herlev Hospital,Lektor,Christina Rostrup Kruuse,#NA,#NA,#NA,#NA,5000000,2018,NOVO,Small vessel disease stroke-personalized treatment,#NA,#NA,#NA
23363,23659,"Howard Hughes Medical Institute, University of Washington",Ph.D. student,Christoffer Norn,#NA,#NA,#NA,#NA,3986386,2018,NOVO,Computational design of modular protein sensors,#NA,#NA,#NA
23364,23660,nan,nan,Cirqle Biomedical,#NA,#NA,#NA,#NA,9996780,2018,NOVO,"Easy to use, on-demand contraceptive without hormones for women.",#NA,#NA,#NA
23365,23661,"Center for Bone and Arthritis Research, Gothenburg University",Professor,Claes Ohlsson,#NA,#NA,#NA,#NA,3000000,2018,NOVO,Personalized anti-fracture treatment,#NA,#NA,#NA
23366,23662,Technical University of Denmark,Professor,Claus Hélix-Nielsen,#NA,#NA,#NA,#NA,14992363,2018,NOVO,New Enzyme- and Protein-based Wastewater Treatment for Contaminant Degradation and Resource Recovery,#NA,#NA,#NA
23367,23663,"Aarhus University, Department of Clinical Medicine",Associate Professor,Claus Johansen,#NA,#NA,#NA,#NA,1051500,2018,NOVO,Characterization of the IL-17/IL-36 signaling axis in keratinocytes: consequences for psoriasis,#NA,#NA,#NA
23368,23664,"Paediatrics and adolescents, Herlev Hospital",Researcher,Claus Sixtus Jensen,#NA,#NA,#NA,#NA,1800000,2018,NOVO,Individual Paediatric Early Warning System (I-PEWS)-Integrating nurses clinical judgement in an early warning system-a cluster randomized trial,#NA,#NA,#NA
23369,23665,"University of Copenhagen, BRIC",Associate Professor,Claus Storgaard Sørensen,#NA,#NA,#NA,#NA,2412700,2018,NOVO,Unravelling the role of chromatin structure in safeguarding DNA replication and promoting genome stability,#NA,#NA,#NA
23370,23666,nan,nan,Copenhagen Bioscience Cluster,#NA,#NA,#NA,#NA,6500000,2018,NOVO,Copenhagen Bioscience Conferences,#NA,#NA,#NA
23371,23667,"University of Copenhagen, BRIC",Professor,Cord Brakebusch,#NA,#NA,#NA,#NA,725684,2018,NOVO,Analysis of N-WASP dependent regulation of senescence in keratinocytes,#NA,#NA,#NA
23372,23668,University of Copenhagen,Professor,Dan Zahavi,#NA,#NA,#NA,#NA,136374,2018,NOVO,"Medical Humanities: Contributions, new approaches and future pathways",#NA,#NA,#NA
23373,23669,"Public Health, Aarhus University",Professor,Daniel Witte,#NA,#NA,#NA,#NA,150000,2018,NOVO,The role of incretin hormones in glucose response during the oral glucose tolerance test,#NA,#NA,#NA
23374,23670,"Department of Arts and Cultural Studies, University of Copenhagen",Postdoc,Daniela Agostinho,#NA,#NA,#NA,#NA,1370189,2018,NOVO,Archival Encounters: Towards an Ethics of Care in Curatorial Practice,#NA,#NA,#NA
23375,23671,nan,nan,Dansk Flygtningehjælp,#NA,#NA,#NA,#NA,750000,2018,NOVO,Hjælp til varmt vintertøj til flygtningebørn strandet på Lesbos,#NA,#NA,#NA
23376,23672,nan,nan,Dansk Flygtningehjælp / Danish Refugee Council (DRC),#NA,#NA,#NA,#NA,750000,2018,NOVO,Acute humanitarian relief for internally displaced families in the war-torn Syria,#NA,#NA,#NA
23377,23673,nan,nan,Dansk Flygtningehjælp / Danish Refugee Council (DRC),#NA,#NA,#NA,#NA,750000,2018,NOVO,Give youth in Lebanon a hope for the future-A competence and employability intervention among young Lebanese and Syrian refugees,#NA,#NA,#NA
23378,23674,nan,nan,Dansk Folkehjælp,#NA,#NA,#NA,#NA,300000,2018,NOVO,Julehjælp 2018,#NA,#NA,#NA
23379,23675,"Biochemistry and Biophysics, University of Stockholm",Lektor,David Drew,#NA,#NA,#NA,#NA,2982000,2018,NOVO,Understanding the Molecular Determinants of Sugar Specificity in the Fructose Transporter GLUT5,#NA,#NA,#NA
23380,23676,"Department of Microbiology, University of Helsinki",Senior Researcher,David Fewer,#NA,#NA,#NA,#NA,2912000,2018,NOVO,Sequestration of UV-absorbing additives from a natural product biosynthetic pathway into polysaccharide matrices,#NA,#NA,#NA
23381,23677,"Department of Drug Design and Pharmacology, University of Copenhagen",Lektor,David Gloriam,#NA,#NA,#NA,#NA,9999674,2018,NOVO,GPCR biased signaling: Illuminating the pathways to function and disease,#NA,#NA,#NA
23382,23678,Copenhagen Business School & The Royal Danish Academy of Fine Arts,Artist,David Hilmer Rex,#NA,#NA,#NA,#NA,1697099,2018,NOVO,Artistic practice and systems change,#NA,#NA,#NA
23383,23679,"Center for Bio-Science and Techno-Anthropology, Aalborg University",Researcher,Dehlia Hannah,#NA,#NA,#NA,#NA,1494643,2018,NOVO,The Imaginary Museum of Philosophical Monsters,#NA,#NA,#NA
23384,23680,nan,nan,"Den boligsociale helhedsplan, NørreBrobyggerne, AKB",#NA,#NA,#NA,#NA,810000,2018,NOVO,Vi passer Børn-jobparathed for piger på Nørrebro,#NA,#NA,#NA
23385,23681,"Biosciences, Oslo University",Professor,Dirk Linke,#NA,#NA,#NA,#NA,500000,2018,NOVO,Small-molecule inhibitors against bacterial adhesion,#NA,#NA,#NA
23386,23682,"Department of Molecular Biology and Genetics, University of Aarhus",Lektor,Ditlev Egeskov Brodersen,#NA,#NA,#NA,#NA,10000000,2018,NOVO,Understanding microbial defence mechanisms,#NA,#NA,#NA
23387,23683,"Aarhus Universitet, Biomedicine",Associate Professor,Ditte Demontis,#NA,#NA,#NA,#NA,150000,2018,NOVO,The causal impact of conduct disorder on the risk of substance use disorders and evaluation of the shared genetic risk component,#NA,#NA,#NA
23388,23684,"Department of Biology, University of Copenhagen",Associate Professor,Ditte Skovaa Andersen,#NA,#NA,#NA,#NA,18111451,2018,NOVO,Identification of local and systemic signals controlling intestinal stem cell (ISC) activity and gut homeostasis,#NA,#NA,#NA
23389,23685,"Center for Biosustainability, Technical University of Denmark",Senior Researcher,Ditte Welner,#NA,#NA,#NA,#NA,2990000,2018,NOVO,A glycosyltransferase tool kit for a sustainable chemical industry,#NA,#NA,#NA
23390,23686,"Danish Centre for Health Economics-DaCHE, University of Southern Denmark, Odense",Professor,Dorte Gyrd-Hansen,#NA,#NA,#NA,#NA,9954210,2018,NOVO,Regulating and nudging for improved societal impact of research-based knowledge in health care (The PINCH project),#NA,#NA,#NA
23391,23687,"Danish Centre for Health Economics-DaCHE, University of Southern Denmark, Odense",Professor,Dorte Gyrd-Hansen,#NA,#NA,#NA,#NA,9954210,2018,NOVO,Regulating and nudging for improved societal impact of research-based knowledge in health care (The PINCH project),#NA,#NA,#NA
23392,23688,Danish Cancer Society Research Center,Associate Professor,Dorthe Helena Larsen,#NA,#NA,#NA,#NA,1336917,2018,NOVO,Does rDNA instability fuel global chromosome instability?,#NA,#NA,#NA
23393,23689,"Aarhus University, Department of Biomedicine",Associate Professor,Ebbe Bødtkjer,#NA,#NA,#NA,#NA,2100000,2018,NOVO,Transport and sensing of metabolic acidic waste products contribute to breast cancer metastasis,#NA,#NA,#NA
23394,23690,"Public Health Promotion Unit, National Institute for Health and Welfare",Seniorforsker,Eero Olavi Kajantie,#NA,#NA,#NA,#NA,487438,2018,NOVO,Small preterm infants and their siblings - a natural experiment to understand the life-long legacy or early life environment,#NA,#NA,#NA
23395,23691,"Department of Physiology and Pharmacology, Karolinska Institute",Professor,Elisabet Stener-Victorin,#NA,#NA,#NA,#NA,980000,2018,NOVO,Transgenerational epigenetic germline inheritance ÃƒÆ’Ã‚Â¢ÃƒÂ¢Ã¢â‚¬Å¡Ã‚Â¬ÃƒÂ¢Ã¢â€šÂ¬Ã…â€œ the impact of exercise,#NA,#NA,#NA
23396,23692,"University of Copenhagen, Department of Mathematical Sciences",Associate Professor,Elisenda Feliu,#NA,#NA,#NA,#NA,1268832,2018,NOVO,Understanding bistability underlying acute and chronic infections in Pseudomonas Aeruginosa,#NA,#NA,#NA
23397,23693,"Department of Infectious Diseases, Hvidovre Hospital",Postdoc,Ellen Moseholm Larsen,#NA,#NA,#NA,#NA,411755,2018,NOVO,Becoming and being a mother living with HIV-a multicenter longitudinal mixed methods study in Denmark and Finland,#NA,#NA,#NA
23398,23694,Selskab for Medicinsk Studenterforskning,nan,Emil Nielsen Holck,#NA,#NA,#NA,#NA,20000,2018,NOVO,Kongres for Medicinsk Studenterforskning 2016,#NA,#NA,#NA
23399,23695,"Clinical Sciences Malmö, Lund University",Lektor,Emma Ahlqvist,#NA,#NA,#NA,#NA,999457,2018,NOVO,"How many diseases are type 2 diabetes? Confirmation, evaluation and implementation of a new diabetes subclassification",#NA,#NA,#NA
23400,23696,"Department of Bioproducts and Biosystems, Aalto University",Professor,Emma Master,#NA,#NA,#NA,#NA,3379000,2018,NOVO,BIOSEMBL: Transaminases for BIOcatalytic cascades for hemicellulose reasSEMBLy,#NA,#NA,#NA
23401,23697,"Molekylær Fysiologi, University of Copenhagen",Professor,Erik Richter,#NA,#NA,#NA,#NA,2000000,2018,NOVO,Discovery and validation of muscle signaling related to health II,#NA,#NA,#NA
23402,23698,"Department of Chemistry, Lund University",Professor,Eva Nordberg Karlsson,#NA,#NA,#NA,#NA,2900000,2018,NOVO,Thermophilic aerobes as novel biorefinery organisms,#NA,#NA,#NA
23403,23699,"Department of Cardiology, Bispebjerg Hospital",Professor,Eva Prescott,#NA,#NA,#NA,#NA,10232250,2018,NOVO,Danish trial of betablocker treatment after myocardial infarction without reduced ejection fraction-DANBLOCK,#NA,#NA,#NA
23404,23700,"Department of Clinical Science, University of Bergen",Professor,Eystein Husebye,#NA,#NA,#NA,#NA,2000000,2018,NOVO,Regenerative therapy in patients with autoimmune Addison`s disease,#NA,#NA,#NA
23405,23701,"Clinical Metabolic Physiology, Steno Diabetes Center Copenhagen",Professor,Filip Knop,#NA,#NA,#NA,#NA,120000,2018,NOVO,The physiology of GIP(1-30)NH2 in humans,#NA,#NA,#NA
23406,23702,"Clinical Metabolic Physiology, Steno Diabetes Center Copenhagen",Professor,Filip Knop,#NA,#NA,#NA,#NA,14815500,2018,NOVO,A new understanding of glucagon physiology-the liver-alpha cell axis,#NA,#NA,#NA
23407,23703,"Clinical Metabolic Physiology, Steno Diabetes Center Copenhagen",Professor,Filip Knop,#NA,#NA,#NA,#NA,552000,2018,NOVO,The physiology of glucose-dependent insulinotropic polypeptide(1-30)NH2 in humans,#NA,#NA,#NA
23408,23704,"Department of Cardiology, Rigshospitalet",Professor,Finn Gustafsson,#NA,#NA,#NA,#NA,1550000,2018,NOVO,"A randomized, double-blind, placebo controlled study of Hydralazine-ISDN and Metformin in patients with chronic heart",#NA,#NA,#NA
23409,23705,Carlsberg Foundation,nan,Flemming Besenbacher,#NA,#NA,#NA,#NA,1000000,2018,NOVO,UNLEASH,#NA,#NA,#NA
23410,23706,Carlsbergfondet,Chairman,Flemming Besenbacher,#NA,#NA,#NA,#NA,70000,2018,NOVO,UNLEASH Innovation Lab 2018,#NA,#NA,#NA
23411,23707,"Steno Diabetes Center Copenhagen (SDCC), Type 1 Diabetes Biology",Professor,Flemming Pociot,#NA,#NA,#NA,#NA,2569807,2018,NOVO,Maternal microchimerism and type 1 diabetes,#NA,#NA,#NA
23412,23708,nan,nan,Folkekirkens Nødhjælp,#NA,#NA,#NA,#NA,2500000,2018,NOVO,DANMARKS INDSAMLING 2018,#NA,#NA,#NA
23413,23709,nan,nan,Folkekirkens Nødhjælp,#NA,#NA,#NA,#NA,500000,2018,NOVO,Rohingyaer,#NA,#NA,#NA
23414,23710,nan,nan,Foreningen Nydansker,#NA,#NA,#NA,#NA,2098350,2018,NOVO,Bryd unges ledighed NU! i udsatte boligområder,#NA,#NA,#NA
23415,23711,"Department of Chemistry, University of Copenhagen",Associate Professor,Frederik Diness,#NA,#NA,#NA,#NA,2974000,2018,NOVO,Stable Cysteine Bioconjugation,#NA,#NA,#NA
23416,23712,"Department of Chemistry, University of Umeå",Professor,Fredrik Almqvist,#NA,#NA,#NA,#NA,486100,2018,NOVO,"Re-sensitizing Vancomycin Resistant Enterococcus (VRE) for vancomycin using GmPcides, a new class of bactericidal small molecules",#NA,#NA,#NA
23417,23713,"Department of Clinical and Experimental Medicine, Linköping University",Professor,Fredrik Elinder,#NA,#NA,#NA,#NA,500000,2018,NOVO,Development of a new type of antiepileptic drug,#NA,#NA,#NA
23418,23714,"Department of Biotechnology and Food Science, Norwegian University of Science and Technology",Ph.D. student (applicant),Gaston Courtade,#NA,#NA,#NA,#NA,2420000,2018,NOVO,LinkD: Linker Dynamics in lignocellulosic biomass degrading enzymes,#NA,#NA,#NA
23419,23715,"Department of Molecular and Clinical Medicine, Gothenburg University",Professor,Giovanni Solinas,#NA,#NA,#NA,#NA,1000000,2018,NOVO,Defining the role of PI3K? in adipose tissue lipolysis and browning to treat type-2 diabetes,#NA,#NA,#NA
23420,23716,Danish Cancer Society Research Center,Group Leader,Giuseppe Filomeni,#NA,#NA,#NA,#NA,1500000,2018,NOVO,Dissecting the pathogenic role of S-nitrosylation in ATM-related diseases,#NA,#NA,#NA
23421,23717,"Aarhus University, Department of Molecular Biology and Genetics",Professor,Gregers Rom Andersen,#NA,#NA,#NA,#NA,1800000,2018,NOVO,Structure determination of antibodies and their complexes with electron microscopy,#NA,#NA,#NA
23422,23718,"Department of Neurology, Aarhus Universitetshospital",Professor,Grethe Andersen,#NA,#NA,#NA,#NA,2562153,2018,NOVO,REDS-Rheo-Erythrocrine Dysfunction in Stroke and Remote Ischemic Conditioning,#NA,#NA,#NA
23423,23719,"Medical Cell Biology, University of Uppsala",Professor,Gunilla Westermark,#NA,#NA,#NA,#NA,1580000,2018,NOVO,IAPP-amyloid and its link to ?-cell loss and AlzheimerÃƒÆ’Ã‚Â¢ÃƒÂ¢Ã¢â‚¬Å¡Ã‚Â¬ÃƒÂ¢Ã¢â‚¬Å¾Ã‚Â¢s disease,#NA,#NA,#NA
23424,23720,"Pathology/Institute of Clinical Medicine, University of Oslo",Professor,Guttorm Haraldsen,#NA,#NA,#NA,#NA,500000,2018,NOVO,Human antibodies to selectively target Notch in rheumatoid arthritis,#NA,#NA,#NA
23425,23721,Tønder Gymnasium,Project Manager,Halvor Bogh,#NA,#NA,#NA,#NA,2326073,2018,NOVO,Alu Science Center Tønder,#NA,#NA,#NA
23426,23722,"Dansk BørneAstma Center, Herlev & Gentofte Hospital, COPSAC",Professor,Hans Bisgaard,#NA,#NA,#NA,#NA,3904311,2018,NOVO,FREYA-Fish oil in pREgnancY prevents childhood Asthma,#NA,#NA,#NA
23427,23723,"Department of Cardiology, Aarhus University Hospital",Professor,Hans Eiskjaer,#NA,#NA,#NA,#NA,2450000,2018,NOVO,HEART TRANSPLANTATION AFTER DONATION FROM CIRCULATORY DEAD DONORS-Experimental porcine studies to increase the donor pool,#NA,#NA,#NA
23428,23724,"Department of Cardiology, Aarhus Universitetshospital",Professor,Hans Erik Bøtker,#NA,#NA,#NA,#NA,2000000,2018,NOVO,Cardiac Mitochondrial Function following Heart Transplantation,#NA,#NA,#NA
23429,23725,"Aarhus Universitetshospital, Clinical institute",Professor,Hans Erik Bøtker,#NA,#NA,#NA,#NA,150000,2018,NOVO,Effect and mechanism behind oxaloacetate treatment against ischemia reperfusion injury,#NA,#NA,#NA
23430,23727,"Institute for Molecular Medicine Finland FIMM, University of Helsinki",Seniorforsker,Harry Holthöfer,#NA,#NA,#NA,#NA,646958,2018,NOVO,Urinary Extracellular Vesicles as Novel Tools for Diabetes Management,#NA,#NA,#NA
23431,23728,"Institute for Surgical Research, Oslo University Hospital",Professor,Håvard Attramadal,#NA,#NA,#NA,#NA,500000,2018,NOVO,A Biologic Therapeutic for Pulmonary Fibrosis,#NA,#NA,#NA
23432,23729,"University of Copenhagen, Institute of Cellular and Molecular Medicine",Associate Professor,Héctor Herranz,#NA,#NA,#NA,#NA,1500000,2018,NOVO,Identification of the molecular mechanisms underlying the tumor suppressive role of the Wnt-transcription factor TCF/LEF,#NA,#NA,#NA
23433,23730,"Department of Virology, University of Tampere",Professor,Heikki Hyöty,#NA,#NA,#NA,#NA,992574,2018,NOVO,Immunological determinants of individual susceptibility for enterovirus-associated type 1 diabetes in a prospective birth cohort study,#NA,#NA,#NA
23434,23731,"Department of Cardiology, Frederiksberg Hospital",Associate Professor,Helena Dominguez,#NA,#NA,#NA,#NA,2999420,2018,NOVO,LAACS2-Left Atrium Appendage Closure by Surgery 2,#NA,#NA,#NA
23435,23732,"School of Culture and Society, University of Aarhus",Artist,Helene Nymann,#NA,#NA,#NA,#NA,1864000,2018,NOVO,Memories of Sustainable Futures: Remembering in the Digital Age,#NA,#NA,#NA
23436,23733,"Dept neuroscience, University of Uppsala",Professor,Helgi Schiöth,#NA,#NA,#NA,#NA,940000,2018,NOVO,Development of tools for screening substances and understanding their specific roles and putative targets in endocrinologic and metabolic functions,#NA,#NA,#NA
23437,23734,"Aarhus University, Department of Biomedicine",Associate Professor,Helle Damkier,#NA,#NA,#NA,#NA,588000,2018,NOVO,Regulation of brain pH-role of acid-base transporters in the blood-cerebrospinal fluid barrier?,#NA,#NA,#NA
23438,23735,"Rigshospitalet, Department of Clinical Microbiology",Professor,Helle Krogh Johansen,#NA,#NA,#NA,#NA,1800000,2018,NOVO,Mapping the evolving host-microbe interactome in persistent infection,#NA,#NA,#NA
23439,23736,"Neurosurgical Department, Odense University Hospital",Nurse,Helle Sørensen von Essen,#NA,#NA,#NA,#NA,178520,2018,NOVO,Surgicalor non-surgical treatment-development and alpha testing of a decision aid for patients with recurrence of a high-grade glioma,#NA,#NA,#NA
23440,23737,"Department of Hepatology and Gastroenterology, Aarhus University Hospital",Professor,Hendrik Vilstrup,#NA,#NA,#NA,#NA,150000,2018,NOVO,The role and modulation of T-lymphocyte 4-1BB in alcoholic hepatitis,#NA,#NA,#NA
23441,23738,The Royal Danish Academy of Fine Arts,Professor,Henriette Heise,#NA,#NA,#NA,#NA,1045597,2018,NOVO,Ed Atkins-Losslessness: Mortality and experience in contemporary digital representation,#NA,#NA,#NA
23442,23739,"Sektion for Molekylær Integrativ Fysiologi, University of Copenhagen",Professor,Henriette Pilegaard,#NA,#NA,#NA,#NA,1000000,2018,NOVO,Mitochondrial function in adipose tissue in obesity and with exercise training,#NA,#NA,#NA
23443,23740,"Fertility, Copenhagen University Hospital",Associate Professor,Henriette Svarre Nielsen,#NA,#NA,#NA,#NA,75000,2018,NOVO,Stress and depression among couples with recurrent pregnancy loss-focusing both on the male and the female partner,#NA,#NA,#NA
23444,23741,"Cardiothoracic Surgery, Lund University",Associate Professor,Henrik Bjursten,#NA,#NA,#NA,#NA,489000,2018,NOVO,Catheterbased technology for treating mitral prolaps,#NA,#NA,#NA
23445,23742,Københavns Universitet,nan,Henrik C. Wegener,#NA,#NA,#NA,#NA,8360000,2018,NOVO,Copenhagen Bioscience PhD Programme 2018 - DanStem,#NA,#NA,#NA
23446,23743,Aarhus Universitetshospital,Overlæge,Henrik Kjærulf Jensen,#NA,#NA,#NA,#NA,5000000,2018,NOVO,Preventing deaths in inherited heart disease by improving clinical and molecular-genetic diagnosis,#NA,#NA,#NA
23447,23744,RetiPharma,nan,Henrik Vissing,#NA,#NA,#NA,#NA,10000000,2018,NOVO,Translational platform for drug development with the first new peptide drug RP001 being prepared for clinical study in patients with retinal detachment,#NA,#NA,#NA
23448,23745,"Clinical Sciences in Malmö, Lund University",Professor,Hindrik Mulder,#NA,#NA,#NA,#NA,3000000,2018,NOVO,Elucidating the diabetogenic mechanisms of melatonin signaling using induced pluripotent stem cells and genome editing,#NA,#NA,#NA
23449,23746,"Aarhus University, Department of Biomedicine",Associate Professor,Holger Brüggemann,#NA,#NA,#NA,#NA,1500000,2018,NOVO,Innate sensing and modulation of inflammatory signaling by human skin microorganisms and the beneficial and detrimental consequences for the host,#NA,#NA,#NA
23450,23747,"Department of Plant and Environmental Sciences, University of Copenhagen",Associate Professor,Hussam Hassan Nour-Eldin,#NA,#NA,#NA,#NA,2882000,2018,NOVO,Breaking the yield barrier to enable cost-efficient cultivation of microalgae,#NA,#NA,#NA
23451,23748,University of Copenhagen,Professor,Ian Hickson,#NA,#NA,#NA,#NA,14540000,2018,NOVO,ChromoCapture: a pioneering chromosome analysis platform for interrogation of disease etiology,#NA,#NA,#NA
23452,23749,Kariya Pharmaceuticals IVS,nan,Ian Laquian,#NA,#NA,#NA,#NA,10000000,2018,NOVO,Development of Lead Candidate KP405 for the Treatment of Parkinson's Disease Progression,#NA,#NA,#NA
23453,23750,"Medicine, Karolinska Institute",Professor,Ingrid Dahlman,#NA,#NA,#NA,#NA,2000000,2018,NOVO,The Role of Adipose Tissue in Cardiovascular Disease with or without Diabetes,#NA,#NA,#NA
23454,23751,nan,nan,"Institut for Idræt og Ernæring, Kønehavns Universitet",#NA,#NA,#NA,#NA,992000,2018,NOVO,"Bevægelse, samvær og livsduelighed for unge udviklingshæmmede",#NA,#NA,#NA
23455,23752,nan,nan,International Aid Services Danmark,#NA,#NA,#NA,#NA,750000,2018,NOVO,Access to safe water and awareness of good hygiene and sanitation practices for DRC refugees in Kyangwali refugee settlement,#NA,#NA,#NA
23456,23753,nan,nan,International Aid Services Denmark,#NA,#NA,#NA,#NA,714838,2018,NOVO,Forbedring af sanitetsforhold for congolesiske flygtninge i Uganda,#NA,#NA,#NA
23457,23754,"Department of Clinical Medicine, University of Aarhus",Lektor,Jacob Bentzon,#NA,#NA,#NA,#NA,9989515,2018,NOVO,Functional consequences of smooth muscle cell plasticity and clonal expansion in atherosclerosis,#NA,#NA,#NA
23458,23755,"Medical Museion, University of Copenhagen",Kurator,Jacob Lillemose,#NA,#NA,#NA,#NA,352008,2018,NOVO,Lives of the Body Strange. Mikro-og makrokosmiske perspektiver på menneskets planetære fysiologi,#NA,#NA,#NA
23459,23756,Gentofte Hospital,Professor,Jacob Pontoppidan Thyssen,#NA,#NA,#NA,#NA,120000,2018,NOVO,Skin Microbiota in Atopic Dermatitis Patients and Healthy Volunteers,#NA,#NA,#NA
23460,23757,"Department of Dermatology and Allergy, Gentofte Hospital",Professor,Jacob Thyssen,#NA,#NA,#NA,#NA,120000,2018,NOVO,Early skin barrier impairment and immune activity can predict development of atopic dermatitis,#NA,#NA,#NA
23461,23758,University of Copenhagen,Assistant Professor,Jacqueline Ameri,#NA,#NA,#NA,#NA,1000000,2018,NOVO,Pancryos/DiaCure,#NA,#NA,#NA
23462,23759,"Protein Signaling, University of Copenhagen",Professor,Jakob Nilsson,#NA,#NA,#NA,#NA,500000,2018,NOVO,Identifying lead compounds for inhibition of Ebola virus infection,#NA,#NA,#NA
23463,23760,"University of Copenhagen, Center for Protein Research",Professor,Jakob Nilsson,#NA,#NA,#NA,#NA,1600090,2018,NOVO,Dissecting a novel regulatory mechanism of cohesin removal and its role in chromatin organization,#NA,#NA,#NA
23464,23761,"Aarhus University, Department of Clinical Medicine",Professor,Jakob Pedersen,#NA,#NA,#NA,#NA,2100000,2018,NOVO,"Discovery, functional characterization, and cancer prognostic potential of human intronic RNAs based on analysis of thousands of total RNAseq samples",#NA,#NA,#NA
23465,23762,Naturvejlederforeningen,Formand,Jakob Walløe Hansen,#NA,#NA,#NA,#NA,17094000,2018,NOVO,Krible Krable - flere små forskere i naturen,#NA,#NA,#NA
23466,23763,"Dept Molecular and Clinical Medicine, Gothenburg University",Professor,Jan Borén,#NA,#NA,#NA,#NA,643403,2018,NOVO,METABOLIC COFACTOR SUPPLEMENTATION FOR OBESE SUBJECTS WITH NON-ALCOHOLIC FATTY LIVER DISEASE (NAFLD),#NA,#NA,#NA
23467,23764,"Aarhus University, Department of Molecular Biology and Genetics",Professor,Jan Johannes Enghild,#NA,#NA,#NA,#NA,14997863,2018,NOVO,BIO-MS. An advanced protein mass spectrometry platform bridging clinical and basic science,#NA,#NA,#NA
23468,23765,"Region Hovedstaden, Psykiatrisk Center Ballerup",Chief Physician/Consultant (UK),Jan Magnus Sjögren,#NA,#NA,#NA,#NA,150000,2018,NOVO,"Physical activity may drive sleep disturbances, depression and increase resistance to eat in Anorexia Nervosa",#NA,#NA,#NA
23469,23766,"Clinical Sciences Malmö, Lund University",Professor,Jan Nilsson,#NA,#NA,#NA,#NA,1000000,2018,NOVO,Identification of osteopontin-related peptides stimulating insulin secretion,#NA,#NA,#NA
23470,23767,Verdens Skove København,Sekretariatsleder,Jan Ole Haagensen,#NA,#NA,#NA,#NA,1004541,2018,NOVO,"Regnskov, Oprindelige folk og Klimaregnskab - ROK ved verdens udfordringer",#NA,#NA,#NA
23471,23768,"Region Hovedstaden, Bispebjerg og Frederiksberg Hospital",Associate Professor,Jennifer Baker,#NA,#NA,#NA,#NA,150000,2018,NOVO,"Early life body size, growth and pubertal timing and risks of systemic lupus erythematosus",#NA,#NA,#NA
23472,23769,"Department of Nutrition, Exercise and Sports, University of Copenhagen",Professor,Jens Bangsbo,#NA,#NA,#NA,#NA,1996068,2018,NOVO,Role of mitochondrial oxidative stress in human insulin resistance: Effect of mitochondria-targeted antioxidant and intense exercise training,#NA,#NA,#NA
23473,23770,"Department of Infectious Diseases, Hvidovre Hospital",Professor,Jens Bukh,#NA,#NA,#NA,#NA,3500000,2018,NOVO,CO-HEP Vaccine,#NA,#NA,#NA
23474,23771,den2radio.dk,Journalist,Jens Degett,#NA,#NA,#NA,#NA,4998000,2018,NOVO,ScienceStories,#NA,#NA,#NA
23475,23772,"Institut for Naturfagenes Didaktik, Københavns Universitet",Professor,Jens Dolin,#NA,#NA,#NA,#NA,1400000,2018,NOVO,MONA kvalitetsudvikling,#NA,#NA,#NA
23476,23773,"Department of Cardiology, Aarhus University Hospital",Professor,Jens Erik Nielsen-Kudsk,#NA,#NA,#NA,#NA,120000,2018,NOVO,Systemic versus Catheter-directed Thrombolysis in Experimental Acute Pulmonary Embolism,#NA,#NA,#NA
23477,23774,"Translational Metabolic Physiology, University of Copenhagen",Professor,Jens Juul Holst,#NA,#NA,#NA,#NA,3000000,2018,NOVO,Amino Acids and glucagon constitute an endocrine feedback loop - The liver-alpha cell axis,#NA,#NA,#NA
23478,23775,Aalborg University,Lektor,Jens Laurids Sørensen,#NA,#NA,#NA,#NA,14951181,2018,NOVO,Fungal batteries for storing sustainable energy,#NA,#NA,#NA
23479,23776,"Aarhus University, Department of Biomedicine",Professor,Jens Peter Andersen,#NA,#NA,#NA,#NA,972300,2018,NOVO,"Mechanism, structure and electrogenicity of the phospholipid flippase ATP8A2",#NA,#NA,#NA
23480,23777,"Odense University Hospital, Steno Diabetes Center Odense (SDCO)",Professor,Jens Søndergaard,#NA,#NA,#NA,#NA,1950816,2018,NOVO,Digital Individualized and Collaborative Treatment of T2D in General Practice Based on Decision Aid (DICTA),#NA,#NA,#NA
23481,23778,Den Frie Udstillingsbygning,Postdoc,Jens Tang Kristensen,#NA,#NA,#NA,#NA,600000,2018,NOVO,"Arkivprojekt, Den Frie Udstilling",#NA,#NA,#NA
23482,23779,"Onkologisk Klinik, Rigshospitalet",Overlæge,Jeppe Friborg,#NA,#NA,#NA,#NA,8565384,2018,NOVO,DAHANCA 35: A national randomized trial of proton versus photon radiotherapy for the treatment of head-neck cancer,#NA,#NA,#NA
23483,23780,"University of Copenhagen, Department of Biology",Associate Professor,Jeppe Vinther,#NA,#NA,#NA,#NA,1500000,2018,NOVO,Global detection of RNA targets for hydrogen peroxide signaling,#NA,#NA,#NA
23484,23781,"Institut for Naturfagenes Didaktik, Københavns Universitet",Assistant Professor,Jesper Bruun,#NA,#NA,#NA,#NA,4998476,2018,NOVO,Marsbasen - projekt om narrativ spilbaseret læring,#NA,#NA,#NA
23485,23782,Lophora IVS,nan,Jesper Kristensen,#NA,#NA,#NA,#NA,1000000,2018,NOVO,New drug for Treatment-Resistant Depression,#NA,#NA,#NA
23486,23783,The Danish Cancer Society,Lektor,Jesper Nylandsted,#NA,#NA,#NA,#NA,14998232,2018,NOVO,A multidisciplinary platform for revealing mechanisms of annexin-mediated plasma membrane repair,#NA,#NA,#NA
23487,23784,"Department of Clinical Epidemiology, Aarhus University",Associate Professor,Jiong Li,#NA,#NA,#NA,#NA,2387713,2018,NOVO,Prenatal Parental Diabetes and Long-term Health Outcomes in Offspring: A Multinational Register-based Study in Five Nordic Countries,#NA,#NA,#NA
23488,23785,Københavns Universitet,nan,Jiri Lukas,#NA,#NA,#NA,#NA,10450000,2018,NOVO,Copenhagen Bioscience PhD Programme CPR - 2018,#NA,#NA,#NA
23489,23786,"Department of Plant and Environmental Sciences, University of Copenhagen",Postdoc,Johan Andersen-Ranberg,#NA,#NA,#NA,#NA,1560000,2018,NOVO,DeepBlueC-Biosynthesis of carotenoids for oceanic blue light dependent photosynthesis,#NA,#NA,#NA
23490,23787,"University of Southern Denmark, Department of Biochemistry and Molecular Biology",Associate Professor,Jonathan Brewer,#NA,#NA,#NA,#NA,12319813,2018,NOVO,SDU Bioimaging Infrastructure,#NA,#NA,#NA
23491,23788,Brorfelde Observatorium,Head,Julie Kirstine Linderoth Bouchet,#NA,#NA,#NA,#NA,4976000,2018,NOVO,Det virtuelle Observatorium på Danmarks største observatorium,#NA,#NA,#NA
23492,23789,"Clinical Nutrition, University of Kuopio",Professor,Jussi Pihlajamäki,#NA,#NA,#NA,#NA,2000000,2018,NOVO,Critical steps to improve T2D digital prevention (StopDia project),#NA,#NA,#NA
23493,23790,"Department of Plant and Environmental Sciences, University of Copenhagen",Postdoc,Karel Miettinen,#NA,#NA,#NA,#NA,1580000,2018,NOVO,CYPsensor: A synthetic biology design for a universal in vivo cytochrome P450-substrate interaction biosensor,#NA,#NA,#NA
23494,23791,University of Copenhagen,Associate Professor,Karen L. Martinez,#NA,#NA,#NA,#NA,150000,2018,NOVO,"G Protein Coupled Receptors: New techniques, tools and concepts",#NA,#NA,#NA
23495,23792,"University of Copenhagen, Department of Biology",Professor,Karen Skriver,#NA,#NA,#NA,#NA,1429000,2018,NOVO,THE UBIQUITIOUS Î±Î±-HUBS: REGULATORS OF DISORDER IN TRANSCRIPTIONAL INTERACTOMES,#NA,#NA,#NA
23496,23793,"Experimental Medical Science, Lund University",Forsker,Karin Stenkula,#NA,#NA,#NA,#NA,1000000,2018,NOVO,Deciphering the mechanisms of insulin resistance: a central role of the actin cytoskeleton,#NA,#NA,#NA
23497,23794,"University of Southern Denmark, Department of Biochemistry and Molecular Biology",Assistant Professor,Kedar N Natarajan,#NA,#NA,#NA,#NA,1500000,2018,NOVO,DESIGN: DEcoding SIngle-cell Gene Networks,#NA,#NA,#NA
23498,23795,"SUND, University of Copenhagen",Lektor,Kenneth Madsen,#NA,#NA,#NA,#NA,1382565,2018,NOVO,PICK1 as a regulator of autophagy in pancreatic ?-cells,#NA,#NA,#NA
23499,23796,"Department of Arts and Cultural Studies, University of Copenhagen",Postdoc,Kerry Greaves,#NA,#NA,#NA,#NA,1396369,2018,NOVO,"Otherwise: Women Artists in Denmark, 1920-1955",#NA,#NA,#NA
23500,23797,"Aarhus University, Department of Molecular Biology and Genetics",Associate Professor,Kim Hebelstrup,#NA,#NA,#NA,#NA,2100000,2018,NOVO,Priming for flooding/hypoxic stress: The mechanism behind hemoglobin and ethylene action,#NA,#NA,#NA
23501,23798,"BRIC - Biotech Research & Innovation Centre, University of Copenhagen",Lektor,Kim Jensen,#NA,#NA,#NA,#NA,999285,2018,NOVO,Controlling systemic metabolism by lineage directed differentiation in the intestinal epithelium,#NA,#NA,#NA
23502,23799,"Finsencenteret, Rigshospitalet",Professor,Kirsten Grønbæk,#NA,#NA,#NA,#NA,498500,2018,NOVO,Nordic Educational Meeting and Symposium on MDS and MPN 2020,#NA,#NA,#NA
23503,23800,"Endocrinology Department, Hvidovre Hospital",Reservelæge,Kirstine Nyvold Bojsen-Møller,#NA,#NA,#NA,#NA,5000000,2018,NOVO,Mechanisms of diabetes remission after sleeve gastrectomy,#NA,#NA,#NA
23504,23801,"Juliane Marie Centre, Rigshospitalet",Professor,Kjeld Schmiegelow,#NA,#NA,#NA,#NA,2450000,2018,NOVO,Cytotoxicity of spinal fluid in central nervous system leukemia,#NA,#NA,#NA
23505,23802,"Ortopædkirurgisk afd. E., Aarhus University Hospital",Professor,Kjeld Søballe,#NA,#NA,#NA,#NA,150000,2018,NOVO,Bone pharmacokinetics of Rifampicin combined with Moxifloxacin-An experimental study,#NA,#NA,#NA
23506,23803,"COPSAC, Danish Pediatric Asthma centre",Overlæge,Klaus Bønnelykke,#NA,#NA,#NA,#NA,14993480,2018,NOVO,Genetic mechanisms of childhood asthma,#NA,#NA,#NA
23507,23804,"Institut for Medier, Erkendelse og Formidling, University of Copenhagen",nan,Klemens Kappel,#NA,#NA,#NA,#NA,10000000,2018,NOVO,Convergent Ethics and the Ethics of Controversy (CEEC),#NA,#NA,#NA
23508,23805,nan,nan,Københavns Professionshøjskole,#NA,#NA,#NA,#NA,19777099,2018,NOVO,Reconnect,#NA,#NA,#NA
23509,23806,nan,nan,Københavns Professionshøjskole,#NA,#NA,#NA,#NA,27973503,2018,NOVO,Copenhagen Honours College for naturfagslærerstuderende,#NA,#NA,#NA
23510,23807,nan,nan,Københavns Universitet,#NA,#NA,#NA,#NA,375000,2018,NOVO,Leg og læring i naturen for socialt udsatte børn,#NA,#NA,#NA
23511,23808,nan,nan,Københavns Universitet,#NA,#NA,#NA,#NA,22000000,2018,NOVO,Det nye SNM Tillægsbevilling,#NA,#NA,#NA
23512,23809,University of Copenhagen,Professor,Kresten Lindorff-Larsen,#NA,#NA,#NA,#NA,60000000,2018,NOVO,PRISM: Protein Interactions and Stability in Medicine and Genomics,#NA,#NA,#NA
23513,23810,"DTU Space, Danmarks Tekniske Universitet",Head,Kristian Pedersen,#NA,#NA,#NA,#NA,2100000,2018,NOVO,"Vild med Rummet - et interaktivt virtuelt læringsmiljø om rummet, naturvidenskab og teknologi målrettet elever og lærere i 7.-9. klasse og gymnasier.",#NA,#NA,#NA
23514,23811,University of Copenhagen,nan,Kristian Strømgaard,#NA,#NA,#NA,#NA,1000000,2018,NOVO,Targeting Mint proteins as a novel treatment for Alzheimer’s disease,#NA,#NA,#NA
23515,23812,"University of Copenhagen, Department of Veterinary and Animal Sciences",Associate Professor,Kristine Freude,#NA,#NA,#NA,#NA,1800000,2018,NOVO,Investigation of Microglia in Sporadic Alzheimer's Disease as Proinflammatory Drivers in Patient Derived Cell Models (GliAD),#NA,#NA,#NA
23516,23813,Fussingø Naturbørnehave,nan,Kristoffer Larsen,#NA,#NA,#NA,#NA,100000,2018,NOVO,Novo Nordisk Fondens Naturtematisk Pædagogpris 2018 - Vest,#NA,#NA,#NA
23517,23814,"University of Copenhagen, Institute of Cellular and Molecular Medicine",Professor,Lars Allan Larsen,#NA,#NA,#NA,#NA,1167895,2018,NOVO,Coordination of Tgf-Î² signaling in heart development and disease,#NA,#NA,#NA
23518,23815,"Department of Nuclear Medicine & PET Center, Aarhus Universitetshospital",Associate Professor,Lars Christian Gormsen,#NA,#NA,#NA,#NA,1288162,2018,NOVO,Effects of the ketogenic diet on cardiac substrate metabolism,#NA,#NA,#NA
23519,23816,"Centre for Medical Parasitology, Panum Institute, University of Copenhagen",Professor,Lars Hviid,#NA,#NA,#NA,#NA,150000,2018,NOVO,PfEMP1 selection of the malaria parasite Plasmodium falciparum for controlled human malaria infection studies,#NA,#NA,#NA
23520,23817,"Center for Corporate Governance, Copenhagen Business School",nan,Lars Ohnemus,#NA,#NA,#NA,#NA,10000000,2018,NOVO,NNF Endowed Professorship Programme,#NA,#NA,#NA
23521,23818,"Kardiologisk Klinik, Rigshospitalet",Professor,Lars Søndergaard,#NA,#NA,#NA,#NA,5055000,2018,NOVO,Early Versus Later Revalving in Tetralogy of Fallot with Free Pulmonary Regurgitation,#NA,#NA,#NA
23522,23819,Statens Naturhistoriske Museum,Associate Professor,Lars Vilhelmsen,#NA,#NA,#NA,#NA,4806394,2018,NOVO,Bugdex App - changing the way we learn about insect diversity,#NA,#NA,#NA
23523,23820,"Department of Clinical Medicine, Aarhus Universitet",Associate Professor,Lars Wiuff Andersen,#NA,#NA,#NA,#NA,2942996,2018,NOVO,The Calcium for Out-of-Hospital Cardiac Arrest (COCA) trial,#NA,#NA,#NA
23524,23821,"Danish Cancer Society Research Center, Kræftens Bekæmpelse",Senior Researcher,Lene Mellemkjær,#NA,#NA,#NA,#NA,1000000,2018,NOVO,Short and long-term consequences of cancer diagnosed during pregnancy-among mothers and their children,#NA,#NA,#NA
23525,23822,"Department of Nordic Studies and Linguistics, University of Copenhagen",Lektor,Line Hjorth Christensen,#NA,#NA,#NA,#NA,207864,2018,NOVO,"Knud V. Engelhardt-A Contextual Survey of His Time, Work and Methods Towards a Modern Design Profession",#NA,#NA,#NA
23526,23823,"Dept of Microbiology Tumor and Cell biology, Karolinska Institute",Associate Professor,Lisa Westerberg,#NA,#NA,#NA,#NA,500000,2018,NOVO,Driving antigen presentation in dendritic cells for cancer therapy,#NA,#NA,#NA
23527,23824,"Department of Arts and Cultural Studies, University of Copenhagen",Kunsthistoriker,Lise Hindsberg,#NA,#NA,#NA,#NA,1815463,2018,NOVO,Den imaginære resonans og transmissionen af enargeia i renæssancens billedteori og billedpraksis,#NA,#NA,#NA
23528,23825,"Bedøvelse & Operation og Intensiv, Aarhus Universitetshospital",Professor,Lone Nikolajsen,#NA,#NA,#NA,#NA,1055977,2018,NOVO,Clinical effectiveness and safety of intraoperative methadone in patients undergoing surgery,#NA,#NA,#NA
23529,23826,"University of Copenhagen, Department of Biology",Associate Professor,Lotte Bang Pedersen,#NA,#NA,#NA,#NA,2400000,2018,NOVO,Dissecting the role of DLG1 in regulating the length and function of primary cilia: implications for cystic kidney disease,#NA,#NA,#NA
23530,23827,"Nutrition, Exercise, and Sports, University of Copenhagen",Assistant Professor,Lykke Sylow,#NA,#NA,#NA,#NA,5000000,2018,NOVO,"Identifying key orchestrators of pathways in the interactions between metabolism, insulin sensitivity and muscle wasting",#NA,#NA,#NA
23531,23828,"Technical University of Denmark, Department of Chemistry",Professor,Mads Clausen,#NA,#NA,#NA,#NA,1400000,2018,NOVO,Exploring synthetic glycans as a platform for improved cancer active immunotherapy,#NA,#NA,#NA
23532,23829,"Physiology and Pharmacology, Karolinska Institute",Professor,Magnus Ingelman-Sundberg,#NA,#NA,#NA,#NA,495000,2018,NOVO,A novel regimen for treatment of colon cancer using CYP2W1 as a tumor selective target,#NA,#NA,#NA
23533,23830,"Department of Orthopedic Surgery, Aarhus University Hospital",Associate Professor,Maiken Stilling,#NA,#NA,#NA,#NA,145000,2018,NOVO,Assessment of dicloxacillin bone concentration in pigs after intravenous and oral administration-an experimental study,#NA,#NA,#NA
23534,23831,"Dept. Medicine, Karolinska Institute",Professor,Malin Flodström Tullberg,#NA,#NA,#NA,#NA,1800000,2018,NOVO,Mechanisms and Biomarkers In Enterovirus Induced Beta Cell Damage,#NA,#NA,#NA
23535,23832,"Research Centre for Integrative Physiology and Pharmacology, University of Turku",Professor,Manuel Tena-Sempere,#NA,#NA,#NA,#NA,3000000,2018,NOVO,Exploring the metabolic roles of kisspeptins using functional genomics and translational studies,#NA,#NA,#NA
23536,23833,"Dept. of Molecular and Clinical Medicine, Gothenburg University",Lektor,Margit Mahlapuu,#NA,#NA,#NA,#NA,1400000,2018,NOVO,Molecular pathogenesis and new treatment strategies of type 2 diabetes: studies on the role of protein kinase STK25,#NA,#NA,#NA
23537,23834,"DTU Diplom, Danmarks Tekniske Universitet",Project Manager,Maria Svendsmark Hansen,#NA,#NA,#NA,#NA,440000,2018,NOVO,Junioringeniører,#NA,#NA,#NA
23538,23835,"Institut for Naturfagenes Didaktik, Københavns Universitet",Associate Professor,Marianne Achiam,#NA,#NA,#NA,#NA,1865012,2018,NOVO,Sustainability + Education + Museums: Moving Towards The Future With Science Museums And Sustainability Education,#NA,#NA,#NA
23539,23836,Nordsjællands Grundskole og Gymnasium,nan,Marianne Johansson,#NA,#NA,#NA,#NA,250000,2018,NOVO,NNF Naturvidenskabelige Gymnasielærerpris 2018 - Øst,#NA,#NA,#NA
23540,23837,"Center for Biosustainability, Technical University of Denmark",Postdoc,Mariela Paula Mezzina,#NA,#NA,#NA,#NA,2230000,2018,NOVO,PHAME-Phasin-mediated polyhydroxyalkanoate (PHA) metabolic channeling platform for efficient bioproduction in bacteria,#NA,#NA,#NA
23541,23838,"Clinical Sciences in Malmö, Lund University",Professor,Marju Orho-Melander,#NA,#NA,#NA,#NA,1600000,2018,NOVO,An integrative multi-omics approach to understand causal inferences between gut microbiome and cardio-metabolic health in two large prospective cohorts,#NA,#NA,#NA
23542,23839,"Department of growth and reproduction 5064, Rigshospitalet",Senior Researcher,Martin Blomberg Jensen,#NA,#NA,#NA,#NA,1645000,2018,NOVO,Clinical relevance of the calcium sensing receptor in reproduction,#NA,#NA,#NA
23543,23840,Aarhus University,nan,Martin Jakobsen,#NA,#NA,#NA,#NA,1000000,2018,NOVO,Plasmacytoid dendritic cell anti-cancer vaccine,#NA,#NA,#NA
23544,23841,Stipe,nan,Martin Jakobsen,#NA,#NA,#NA,#NA,10000000,2018,NOVO,"First in class drugs targeting intracellular protein-protein interactions of the STING Pathway; a major driver of innate immunity, and regulator of tumorigenesis and autoimmune disorders",#NA,#NA,#NA
23545,23842,Danmarks Meteorologiske Institut,Project Manager,Martin Stendel,#NA,#NA,#NA,#NA,252328,2018,NOVO,Viden om klima og klimaændringer i Arktis baseret på Polarportalen,#NA,#NA,#NA
23546,23843,"Turku Centre for Biotechnology, University of Turku",Lektor,Matej Oresic,#NA,#NA,#NA,#NA,900000,2018,NOVO,Metabolome en route to islet autoimmunity and type 1 diabetes - from biomarkers to metabolic pathways,#NA,#NA,#NA
23547,23844,nan,nan,Maternity Foundation,#NA,#NA,#NA,#NA,600000,2018,NOVO,Enhancing Maternal and Newborn Health in West Wollega (year 4),#NA,#NA,#NA
23548,23845,"Clinical Neurosciences, Karolinska Institute",Associate Professor,Mats Persson,#NA,#NA,#NA,#NA,500000,2018,NOVO,Treatment of Bordetella pertussis infections,#NA,#NA,#NA
23549,23846,"MRC Laboratory of Molecular Biology, University of Cambridge",Postdoc,Mei Mei Jaslyn Wong,#NA,#NA,#NA,#NA,3440571,2018,NOVO,Cryo-electron tomography studies of the mTORC1 and mTORC2 complexes assembled on lipid membranes,#NA,#NA,#NA
23550,23847,"Diabetes Management Research, Health Promotion, Steno Diabetes Center Copenhagen",Postdoc,Mette Due-Christensen,#NA,#NA,#NA,#NA,587283,2018,NOVO,Developing and testing an intervention to promote adaptation in adults newly diagnosed with type 1D: patients and health professionals as co-designers,#NA,#NA,#NA
23551,23848,"Neuroscience and Pharmacology, University of Copenhagen",Professor,Mette Marie Rosenkilde,#NA,#NA,#NA,#NA,3500000,2018,NOVO,Synklino,#NA,#NA,#NA
23552,23849,Stubbæk Skole,nan,Michael Beck,#NA,#NA,#NA,#NA,250000,2018,NOVO,NNF Naturfagslærerpris 2018 - Vest,#NA,#NA,#NA
23553,23850,"Costerton Biofilm Center, University of Copenhagen",Professor,Michael Givskov,#NA,#NA,#NA,#NA,3500000,2018,NOVO,Biofilm2,#NA,#NA,#NA
23554,23851,"Bispebjerg Hospital, Institute of Sports Medicine",Professor,Michael Kjær,#NA,#NA,#NA,#NA,1155000,2018,NOVO,Autophagy at the crossroad between cells and matrix: Implications in tendon mechanobiology,#NA,#NA,#NA
23555,23852,"Aarhus Universitet, Department of Cardiology",Associate Professor,Michael Mæng,#NA,#NA,#NA,#NA,120000,2018,NOVO,15-year follow-up of the Danish Acute Myocardial infarction 2 (DANAMI-2) trial-pPCI versus fibrinolysis in ST-elevation myocardial infarction,#NA,#NA,#NA
23556,23853,"Finsen Laboratory, University of Copenhagen",Andet,Michael Ploug,#NA,#NA,#NA,#NA,1246576,2018,NOVO,When intrinsic protein disorder in a trafficking receptor stabilizes its cargoÃƒÆ’Ã‚Â¢ÃƒÂ¢Ã¢â‚¬Å¡Ã‚Â¬ÃƒÂ¢Ã¢â€šÂ¬Ã‚Âthe unusual partnership of lipoprotein lipase with GPIHBP1,#NA,#NA,#NA
23557,23854,"Stanford Bio-X University, University of Aarhus",nan,Michael Westberg,#NA,#NA,#NA,#NA,3977071,2018,NOVO,Orthogonal Optogenetic Control of Synapse Signaling,#NA,#NA,#NA
23558,23855,Astra,CEO,Mikkel Bohm,#NA,#NA,#NA,#NA,4984350,2018,NOVO,Science Talent Senior,#NA,#NA,#NA
23559,23856,"Department of Arts and Cultural Studies, University of Copenhagen",Lektor,Mikkel Bolt,#NA,#NA,#NA,#NA,3471089,2018,NOVO,Aesthetic Protest Cultures: The Avant-Garde after the Avant-Garde,#NA,#NA,#NA
23560,23857,"Bioinformatics Research Centre, University of Aarhus",Professor,Mikkel Heide Schierup,#NA,#NA,#NA,#NA,9906192,2018,NOVO,The extraordinary evolution of human sex chromosomes,#NA,#NA,#NA
23561,23858,"Department of Medicine, Leiden University Medical Center",Postdoc,Milena Schoenke,#NA,#NA,#NA,#NA,3987089,2018,NOVO,Running from cardiometabolic disease: Role of lipoprotein metabolism and the timing of exercise,#NA,#NA,#NA
23562,23859,nan,nan,Minik Rosing,#NA,#NA,#NA,#NA,3893500,2018,NOVO,Anvendelse af bjergsartsmel,#NA,#NA,#NA
23563,23860,nan,nan,Mission East,#NA,#NA,#NA,#NA,750000,2018,NOVO,Rapid response to drought in Afghanistan,#NA,#NA,#NA
23564,23861,"University of Copenhagen, Department of Biomedical Sciences",Associate Professor,Morten B Thomsen,#NA,#NA,#NA,#NA,8080594,2018,NOVO,Research Infrastructure for Cardiovascular Phenotyping,#NA,#NA,#NA
23565,23862,"Rigshospitalet, Department of Ophtalmology",Professor,Morten Dornonville de la Cour,#NA,#NA,#NA,#NA,5359000,2018,NOVO,Optimizing retinopathy screening in Denmark (OPTIMISM),#NA,#NA,#NA
23566,23863,"Department of Endocrinology, Odense Universitetshospital",Associate Professor,Morten Frost,#NA,#NA,#NA,#NA,1363530,2018,NOVO,Repurposing Semaglutide as a Novel Therapy of Age-Related Skeletal Fragility,#NA,#NA,#NA
23567,23864,"University of Southern Denmark, Department of Molecular Medicine",Associate Professor,Morten Gjerstorff,#NA,#NA,#NA,#NA,1213000,2018,NOVO,The role of SSX proteins in chromatin remodeling and (epi)genomic reprogramming of cancer cells,#NA,#NA,#NA
23568,23865,"Department of Anaesthesia and Intensive Care, Hilleroed Hospital",Lektor,Morten Heiberg Bestle,#NA,#NA,#NA,#NA,5082180,2018,NOVO,Goal DIrected Fluid removal in intensive care patients with acute renal failure and fluid overload-A randomized clinical trial (GoDiF),#NA,#NA,#NA
23569,23866,Technical University of Denmark,nan,Morten O. A. Sommer,#NA,#NA,#NA,#NA,1000000,2018,NOVO,Production-state addicted microbial factories,#NA,#NA,#NA
23570,23867,"Department of Biomedical Sciences, University of Copenhagen",Lektor,Morten Olesen,#NA,#NA,#NA,#NA,9981825,2018,NOVO,Nationwide study of the genetics behind atrial fibillation,#NA,#NA,#NA
23571,23868,"University of Copenhagen, Department Biomedical Sciences",Associate Professor,Morten Olesen,#NA,#NA,#NA,#NA,150000,2018,NOVO,Genetic variation in MYH6 in early onset Atrial Fibrillation,#NA,#NA,#NA
23572,23869,"University of Copenhagen, Department of Biology",Professor,Morten Petersen,#NA,#NA,#NA,#NA,1475214,2018,NOVO,mRNA decapping and decay in cellular reprogramming,#NA,#NA,#NA
23573,23870,"Odense Universitetshospital, Department of Infectious diseases",Professor,Morten Sodemann,#NA,#NA,#NA,#NA,150000,2018,NOVO,Ethnic minority patients at the Migrant Health Clinic: Needs and Solutions,#NA,#NA,#NA
23574,23871,"Communication and Psychology, Aalborg Universitet",Associate Professor,Morten Søndergaard,#NA,#NA,#NA,#NA,432000,2018,NOVO,"RE:SOUND. Sound, Media and Art: Theories, Histories, Practices. 8th Conference on the histories of Media Art, Technology and Science.",#NA,#NA,#NA
23575,23872,The Danish Institute In Rome,Kunsthistoriker,Morten Steen Hansen,#NA,#NA,#NA,#NA,840128,2018,NOVO,"Gender, Islam, and Artistic Performance in Grand-Ducal Tuscany",#NA,#NA,#NA
23576,23873,"Endokrinologisk Afdeling M, Odense University Hospital",Professor,Moustapha Kassem,#NA,#NA,#NA,#NA,1000000,2018,NOVO,Studies on integrated physiology of marrow stromal stem cells: Bone Remodeling and Energy Metabolism,#NA,#NA,#NA
23577,23874,"Endocrinology, Odense Universitetshospital",Professor,Moustapha Kassem,#NA,#NA,#NA,#NA,338000,2018,NOVO,"International meeting on Bone, adipocyte, type 2 diabetes",#NA,#NA,#NA
23578,23875,Naturvidenskabernes Hus A/S,CEO,Nanna Seidelin,#NA,#NA,#NA,#NA,8300000,2018,NOVO,Udvikling af Naturfagsmaraton - en indsats i mellemtrinnet er vigtig,#NA,#NA,#NA
23579,23876,"Center for Protein Research, University of Copenhagen",Postdoc,Nicholas Taylor,#NA,#NA,#NA,#NA,10000000,2018,NOVO,Structure and mechanism of a contractile nanoinjection system and its redesign for targeted therapy,#NA,#NA,#NA
23580,23877,Inprother Aps,nan,Nicolaj Højer Nielsen,#NA,#NA,#NA,#NA,9980000,2018,NOVO,Treating cancer by targeting tumor viruses within our genome,#NA,#NA,#NA
23581,23878,"Center for Protein Research, University of Copenhagen",Professor,Niels Mailand,#NA,#NA,#NA,#NA,9902684,2018,NOVO,Regulation of DNA-protein crosslink repair in health and disease,#NA,#NA,#NA
23582,23879,"Department of Biomedicine, University of Bergen",Researcher,Nils Halberg,#NA,#NA,#NA,#NA,500000,2018,NOVO,Novel Small Molecule Inhibitors of the Sphingolipid Pathway Inhibits Tumor Growth in Triple Negative Breast Cancer,#NA,#NA,#NA
23583,23880,"Department of Medical Biochemistry and Biophysics, Karolinska Institute",Professor,Nils-Göran Larsson,#NA,#NA,#NA,#NA,3500000,2018,NOVO,mtDNA-CURE,#NA,#NA,#NA
23584,23881,"Department of Veterinary and Animal Sciences, University of Copenhagen",Postdoc,Nina Molin Høyland-Kroghsbo,#NA,#NA,#NA,#NA,1580000,2018,NOVO,Developing potent bacteriophage for antimicrobial therapy,#NA,#NA,#NA
23585,23882,Denmark,nan,Odense Universitetshospital,#NA,#NA,#NA,#NA,156000000,2018,NOVO,Danish Diabetes Academy,#NA,#NA,#NA
23586,23883,"Diabetes and Endocrinology, Lund University",Lektor,Ola Hansson,#NA,#NA,#NA,#NA,990109,2018,NOVO,GENOMIC MEDICINE FOR IMPROVED MUSCLE HEALTH,#NA,#NA,#NA
23587,23884,"University of Copenhagen, Department of Neuroscience",Associate Professor,Ole Kjærulff,#NA,#NA,#NA,#NA,493500,2018,NOVO,The role of the Rab2 protein in axonal transport of neuropeptides controlling neurodevelopment: a perspective for autism spectrum disorders,#NA,#NA,#NA
23588,23885,"University of Copenhagen, Department of Biomedical Sciences",Associate Professor,Olga Sosnovtseva,#NA,#NA,#NA,#NA,1719238,2018,NOVO,Renal autoregulation in health and disease: New insights into topology and dynamics,#NA,#NA,#NA
23589,23886,"Department of Biology, Lund University",Associate Professor,Olivier Van Aken,#NA,#NA,#NA,#NA,2984000,2018,NOVO,Building a transferable biochemical pathway for iridoid synthesis to enhance aphid resistance in plants,#NA,#NA,#NA
23590,23887,"Dept of Medicine, Karolinska Institute",Professor,Olle Kämpe,#NA,#NA,#NA,#NA,2989000,2018,NOVO,Changes in the immune system and microbiome in patients undergoing sex change,#NA,#NA,#NA
23591,23888,Uppsala Universitetshospital,Professor,Olle Korsgren,#NA,#NA,#NA,#NA,600000,2018,NOVO,"Gave the prize lecture ""On the etiology of Type 1 Diabetes: lessons learned from the human pancreas"" in Turku",#NA,#NA,#NA
23592,23889,"Immunology, Genetics and Pathology, University of Uppsala",Professor,Olle Korsgren,#NA,#NA,#NA,#NA,2000000,2018,NOVO,Characterization of the insulitic lesions in subjects with recent onset Type 1 Diabetes,#NA,#NA,#NA
23593,23890,Children’s Hospital and Helsinki University Hospital,Professor,Outimaija Mäkitie,#NA,#NA,#NA,#NA,10000000,2018,NOVO,Clinical and genetic characteristics of early-onset osteoporosis,#NA,#NA,#NA
23594,23891,"Center for Biosustainability, Technical University of Denmark",Senior Researcher,Pablo Ivan Nikel,#NA,#NA,#NA,#NA,2992000,2018,NOVO,LiFe: Engineering a trans-metabolism for bioproduction of fluorochemicals,#NA,#NA,#NA
23595,23892,"Serup lab, University of Copenhagen",Professor,Palle Serup,#NA,#NA,#NA,#NA,2000000,2018,NOVO,ÃƒÆ’Ã‚Â¢ÃƒÂ¢Ã¢â‚¬Å¡Ã‚Â¬Ãƒâ€¦Ã¢â‚¬Å“Deep repressionÃƒÆ’Ã‚Â¢ÃƒÂ¢Ã¢â‚¬Å¡Ã‚Â¬Ãƒâ€šÃ‚Â ÃƒÆ’Ã‚Â¢ÃƒÂ¢Ã¢â‚¬Å¡Ã‚Â¬ÃƒÂ¢Ã¢â€šÂ¬Ã…â€œ a new paradigm for NOTCH/HES1-mediated suppression of differentiation,#NA,#NA,#NA
23596,23893,"Deparment of Clinical Immunology, Copenhagen University Hospital",Professor,Pär Ingemar Johansson,#NA,#NA,#NA,#NA,6555999,2018,NOVO,Shock-induced endotheliopathy (SHINE) in Trauma (SHINE-TRAUMA),#NA,#NA,#NA
23597,23894,"Steno Diabetes Center Copenhagen (SDCC), Health Promotion",Senior Researcher,Paul Bloch,#NA,#NA,#NA,#NA,6600000,2018,NOVO,Tingbjerg Changing Diabetes,#NA,#NA,#NA
23598,23895,"Department of Clinical Sciences, Lund University",Professor,Paul Franks,#NA,#NA,#NA,#NA,1483020,2018,NOVO,A precision lifestyle medicine approach for the prevention of type 2 diabetes,#NA,#NA,#NA
23599,23897,"Aarhus Universitet, Department of Clinical Medicine",Professor,Per Borghammer,#NA,#NA,#NA,#NA,150000,2018,NOVO,Oesophageal and intestinal transit times in Parkinsons disease,#NA,#NA,#NA
23600,23898,"Aarhus Universitet, Department of Public Health",Associate Professor,Per Kallestrup,#NA,#NA,#NA,#NA,150000,2018,NOVO,Eosinophilia and elevated IgE among refugees in Denmark,#NA,#NA,#NA
23601,23899,"Aarhus University Hospital, Steno Diabetes Centre Aarhus (SDCA)",Professor,Per Ovesen,#NA,#NA,#NA,#NA,4509855,2018,NOVO,Short-and longterm effects of insulin resistance in pregnancy,#NA,#NA,#NA
23602,23900,"Department of Molecular Medicine and Surgery, Karolinska Institute",Professor,Per-Olof Berggren,#NA,#NA,#NA,#NA,3000000,2018,NOVO,Reporter islets in the eye as a personalized-medicine readout for diabetes.,#NA,#NA,#NA
23603,23901,"Center for Translational Neuromedicine, University of Rochester Medical Center",Postdoc,Pernille Marie Madsen,#NA,#NA,#NA,#NA,3999073,2018,NOVO,A humanized mouse model of Pelizaeus-Merzbacher Disease: molecular mechanisms of myelination and perspectives for cell-based therapy,#NA,#NA,#NA
23604,23902,University of Aarhus,Professor,Peter Balling,#NA,#NA,#NA,#NA,14644581,2018,NOVO,Three-dimensional radiation dosimetry: Facilitating high-resolution cancer treatment,#NA,#NA,#NA
23605,23903,Eltang Skole og Børnehave,nan,Peter Blirup,#NA,#NA,#NA,#NA,250000,2018,NOVO,NNF Natur- og Teknologilærerpris 2018 Vest,#NA,#NA,#NA
23606,23904,"Aarhus University, Department of Clinical Medicine",Professor,Peter Nejsum,#NA,#NA,#NA,#NA,1407752,2018,NOVO,Helminths as potent modulator of inflammatory responses in human macrophages,#NA,#NA,#NA
23607,23905,"Department of Molecular Biology and Genetics, University of Aarhus",Postdoc,Peter Refsing Andersen,#NA,#NA,#NA,#NA,10000000,2018,NOVO,Molecular mechanisms of heterochromatic gene expression,#NA,#NA,#NA
23608,23906,Aalborg University,Professor,Peter Søgaard,#NA,#NA,#NA,#NA,3500000,2018,NOVO,High speed ultrasound in cardiology,#NA,#NA,#NA
23609,23907,"Department of Chemistry, Centre for Analysis and Synthesis, Lund University",Adjunkt,Peter Spegel,#NA,#NA,#NA,#NA,1536150,2018,NOVO,The role of biomarkers in diabetes pathogenesis: Overlooked targets for interventions?,#NA,#NA,#NA
23610,23908,"Aalborg University Hospital, Steno Diabetes Center Nordjylland (SDCN)",Professor,Peter Vestergaard,#NA,#NA,#NA,#NA,10000000,2018,NOVO,Improved detection and treatment of diabetic bone disease,#NA,#NA,#NA
23611,23909,"Department of Oncology, Odense University Hospital",Nurse,Pia Krause Møller,#NA,#NA,#NA,#NA,1800000,2018,NOVO,PRO-MR-Linac-Systematic web-based patient-reported outcome for personalized symptom management to pelvic magnetic resonance radiation therapy,#NA,#NA,#NA
23612,23910,"Center for Child and Adolescent Psychiatry, Research Unit, Aarhus University Hospital",Ph.D. student,Pil Lindgren,#NA,#NA,#NA,#NA,292340,2018,NOVO,Eating disorder treatment in the digital age: Developing evidence-based clinical tools assessing patients' online activities,#NA,#NA,#NA
23613,23911,nan,nan,PlanBørnefonden,#NA,#NA,#NA,#NA,750000,2018,NOVO,Fødevarer til venezuelanske flygtninge i Colombia,#NA,#NA,#NA
23614,23912,University of Copenhagen,nan,"Poul Henrik Damgaard, Niels Bohr Institute, University of Copenhagen",#NA,#NA,#NA,#NA,35000000,2018,NOVO,Niels Bohr International Academy,#NA,#NA,#NA
23615,23913,"Aarhus University, Department of Molecular Biology and Genetics",Professor,Poul Nissen,#NA,#NA,#NA,#NA,1568420,2018,NOVO,Structure determination of the human glycine transporter hGlyT1,#NA,#NA,#NA
23616,23914,"University of Southern Denmark, Department of biochemistry and molecular biology",Assistant Professor,Rasmus Damtoft Siersbæk,#NA,#NA,#NA,#NA,1500000,2018,NOVO,Identification of key transcriptional drivers of triple negative breast cancer progression,#NA,#NA,#NA
23617,23915,"University of Copenhagen, Department of Biology",Professor,Rasmus Hartmann-Petersen,#NA,#NA,#NA,#NA,1889841,2018,NOVO,How mutations affect protein stability in a hereditary disease,#NA,#NA,#NA
23618,23916,Hvidovre Hospital,Læge,Rasmus Køster-Rasmussen,#NA,#NA,#NA,#NA,1596856,2018,NOVO,MUVAP-Exercise without weight loss in General Practice,#NA,#NA,#NA
23619,23917,Live Nation,nan,Rasmus Quistgaard,#NA,#NA,#NA,#NA,761000,2018,NOVO,Future Talks-et livemedie med videnskabsbaserede samtaler om verdens udvikling,#NA,#NA,#NA
23620,23918,"Research Program Unit, Immunobiology, University of Helsinki",Senior Researcher,Reetta Satokari,#NA,#NA,#NA,#NA,1152000,2018,NOVO,"Exploitation of Bifidobacterium strains isolated from fecal microbiota transplantation donors for as novel, effective probiotics",#NA,#NA,#NA
23621,23919,Denmark,nan,Region of Southern Denmark,#NA,#NA,#NA,#NA,851000000,2018,NOVO,Steno Diabetes Center Odense - running cost,#NA,#NA,#NA
23622,23920,Denmark,nan,Region of Southern Denmark,#NA,#NA,#NA,#NA,543600000,2018,NOVO,Steno Diabetes Center Odense - building,#NA,#NA,#NA
23623,23921,Denmark,nan,Region of Southern Denmark,#NA,#NA,#NA,#NA,40050000,2018,NOVO,DD2 - Danish Centre for Strategic Research in type 2 diabetes,#NA,#NA,#NA
23624,23922,"Aalborg University, Chemistry and Bioscience",Professor,Reinhard Wimmer,#NA,#NA,#NA,#NA,1600000,2018,NOVO,Calcium Signalling in the Human Heart-Structural Background of the Dysregulation of the Ryanodine Receptor 2 by Mutant Calmodulin Variants,#NA,#NA,#NA
23625,23923,Videnskabsklubben,CEO,Rikke Schmidt Kjærgaard,#NA,#NA,#NA,#NA,15834963,2018,NOVO,Videnskabsklubben,#NA,#NA,#NA
23626,23924,"Biomedicine, Aarhus Universitet",Professor,Robert Fenton,#NA,#NA,#NA,#NA,14957460,2018,NOVO,Targeting prostaglandins in chronic kidney disease (CKD),#NA,#NA,#NA
23627,23925,"Farmaceutical Biosciences, University of Uppsala",Professor,Robert Fredriksson,#NA,#NA,#NA,#NA,600000,2018,NOVO,The role of novel transporters in metabolisn and homeostasis,#NA,#NA,#NA
23628,23926,"Radcliffe Department of Medicine, University of Oxford",Postdoc,Robert Koivula,#NA,#NA,#NA,#NA,4000000,2018,NOVO,Characterising the relationship between non-alcoholic fatty liver disease and type 2 diabetes using genetic insights,#NA,#NA,#NA
23629,23927,"University of Copenhagen, Department of Biology",Assistant Professor,Robin Andersson,#NA,#NA,#NA,#NA,1500000,2018,NOVO,Understanding the impact of genetic variants on transcriptional activities using deep learning,#NA,#NA,#NA
23630,23928,University of Copenhagen,Professor,Romain Barres,#NA,#NA,#NA,#NA,60000000,2018,NOVO,Ancestral causes of obesity: Understanding epigenetic transmission by spermatozoa,#NA,#NA,#NA
23631,23929,nan,nan,Røde Kors,#NA,#NA,#NA,#NA,750000,2018,NOVO,"Forbedrede vand- og sanitetsforhold for værtsbefolkningen i Cox's Bazar, Bangladesh",#NA,#NA,#NA
23632,23930,nan,nan,Røde Kors Danmark,#NA,#NA,#NA,#NA,356376,2018,NOVO,Akut sygdomsforebyggelse i Sydsudan,#NA,#NA,#NA
23633,23931,"Department of Arts and Cultural Studies, University of Copenhagen",Lektor,Rune Gade,#NA,#NA,#NA,#NA,1437664,2018,NOVO,Visiting Professorship Carol Mavor,#NA,#NA,#NA
23634,23932,National Museum of Denmark,Art Historian,Ruth Noyes,#NA,#NA,#NA,#NA,1498350,2018,NOVO,"Blood and fire/Ray and curve: Engraving, etching, and imprinting knowing in the age of Tycho and Galileo",#NA,#NA,#NA
23635,23933,"Center for Biosustainability, Technical University of Denmark",Professor,Ryan Gill,#NA,#NA,#NA,#NA,3500000,2018,NOVO,18bio,#NA,#NA,#NA
23636,23934,Aalborg University,Professor,Sakari Kauppinen,#NA,#NA,#NA,#NA,60000000,2018,NOVO,Therapeutic targeting of metabolic microRNAs as a new treatment paradigm for NASH,#NA,#NA,#NA
23637,23935,"Dana Farber Cancer Institute, Harvard Medical School",Postdoc,Sally Winther,#NA,#NA,#NA,#NA,3946397,2018,NOVO,Metabolite signaling control brown adipocyte thermogenesis,#NA,#NA,#NA
23638,23936,nan,nan,Samfundsvidenskabeligt forskningsprogram 2018,#NA,#NA,#NA,#NA,500000,2018,NOVO,Social Science Research Programme,#NA,#NA,#NA
23639,23937,nan,nan,Sammenslutningen af Unge Med Handicap,#NA,#NA,#NA,#NA,4996300,2018,NOVO,Tryg Online,#NA,#NA,#NA
23640,23938,"Experimental Medical Sciences, Lund University",Adjunkt,Sebastian Albinsson,#NA,#NA,#NA,#NA,1955000,2018,NOVO,Molecular mechanisms regulating transdifferentiation of vascular smooth muscle cells to macrophages and foam cells in dyslipidemia,#NA,#NA,#NA
23641,23939,"The Heart Centre, 2152, Copenhagen University Hospital",Professor,Selina Kikkenborg Berg,#NA,#NA,#NA,#NA,7500000,2018,NOVO,Heart and Mind,#NA,#NA,#NA
23642,23940,"Mads Clausen Institute, Syddansk Universitet Odense",Professor,Sergey Bozhevolnyi,#NA,#NA,#NA,#NA,495900,2018,NOVO,The 9th International Conference on Surface Plasmon Photonics (SPP9),#NA,#NA,#NA
23643,23941,"Gentofte Hospital, Dansk BørneAstma Center",Senior Researcher,Shiraz Shah,#NA,#NA,#NA,#NA,1500000,2018,NOVO,Mining the viral dark matter to find viruses that impact human health,#NA,#NA,#NA
23644,23942,Department of Clinical Biochemistry; Herlev Hospital,Chief Physician/Consultant,Shoaib Afzal,#NA,#NA,#NA,#NA,2990000,2018,NOVO,Metabolomic lipoprotein profiling for better risk prediction of cardiovascular disease including heart valve disease,#NA,#NA,#NA
23645,23943,"Department of Oncology, Aarhus University",Professor,Signe Borgquist,#NA,#NA,#NA,#NA,10977175,2018,NOVO,Cholesterol-lowering statins in breast cancer-a nationwide phase III clinical trial with a translational edge,#NA,#NA,#NA
23646,23944,"Department of Endocrinology and Internal Medicine, Aarhus Universitetshospital",Researcher,Sigrid Bjerge Gribsholt,#NA,#NA,#NA,#NA,670150,2018,NOVO,Short- and long-term outcomes after hospital contact with obesity: The obesity paradox revisited,#NA,#NA,#NA
23647,23945,"Department of Plant and Environmental Sciences, University of Copenhagen",Postdoc,Silas Mellor,#NA,#NA,#NA,#NA,2380000,2018,NOVO,Integrating approaches to develop Nicotiana tabacum as a small molecule production platform,#NA,#NA,#NA
23648,23946,"MRC Laboratory of Molecular Biology, University of Cambridge",Postdoc,Simon Erlendsson,#NA,#NA,#NA,#NA,4000000,2018,NOVO,Synaptic Plasticity by Viral Mimicry,#NA,#NA,#NA
23649,23947,"Department of Biomedicine, Aarhus University",Associate Professor,Simon Glerup,#NA,#NA,#NA,#NA,2500000,2018,NOVO,Draupnir,#NA,#NA,#NA
23650,23948,University of Aarhus,Postdoc,Simon Molgaard,#NA,#NA,#NA,#NA,500000,2018,NOVO,SorCS2 agonists in treatment of stroke,#NA,#NA,#NA
23651,23949,"Aarhus University, Department of Molecular Biology and Genetics",Associate Professor,Simona Radutoiu,#NA,#NA,#NA,#NA,2992737,2018,NOVO,Identifying functional determinants of specificity in receptor kinases signalling,#NA,#NA,#NA
23652,23950,"Technical University of Denmark, Department of Micro- and Nanotechnology",Professor,Sine Hadrup,#NA,#NA,#NA,#NA,1400000,2018,NOVO,Liquid biopsies for identification of tumor mutational landscapes and neoepitopes in cancer patients,#NA,#NA,#NA
23653,23951,Technical University of Denmark,nan,Sine Hadrup,#NA,#NA,#NA,#NA,1000000,2018,NOVO,ImmPACT – Antigen-directed expansion of cancer-specific T cells,#NA,#NA,#NA
23654,23952,nan,nan,SOS Børnebyerne,#NA,#NA,#NA,#NA,750000,2018,NOVO,Family Strengthening and Community Development in Somaliland,#NA,#NA,#NA
23655,23953,nan,nan,SOS Børnebyerne,#NA,#NA,#NA,#NA,749936,2018,NOVO,Lifesaving support to HHs affected by Cyclone Sagar in Berbera,#NA,#NA,#NA
23656,23954,nan,nan,SOS Børnebyerne,#NA,#NA,#NA,#NA,500000,2018,NOVO,"Rural water secutiry, Ethiopien",#NA,#NA,#NA
23657,23955,"Department of Neurology, Odense Universitetshospital",Professor,Søren Hein Sindrup,#NA,#NA,#NA,#NA,2722514,2018,NOVO,Axonal electrophysiological abnormalities in chronic inflammatory demyelinating. Characterisation and implication for treatment.,#NA,#NA,#NA
23658,23956,Aarhus Universitetshospital,Overlæge,Søren Nielsen,#NA,#NA,#NA,#NA,4875410,2018,NOVO,"Hepatic and cardiac metabolic flexibility in NAFLD and NASH. Effects of exercise, GLP-1 agonist and SGL-T2 inhibitor treatment.",#NA,#NA,#NA
23659,23957,"Centre for Physical Activity Research, Rigshospitalet",Researcher,Søren Nielsen,#NA,#NA,#NA,#NA,1455000,2018,NOVO,Long non-coding RNAs as metabolic regulators in Human brown and white adipose tissue,#NA,#NA,#NA
23660,23958,"Department of Biomedicine, University of Aarhus",Professor,Søren Paludan,#NA,#NA,#NA,#NA,9997598,2018,NOVO,Novel mechanisms of early defense against virus infections,#NA,#NA,#NA
23661,23959,Aalborg University Hospital,nan,Søren Risom Kristensen,#NA,#NA,#NA,#NA,805000,2018,NOVO,Development of a non-invasive diagnostic kit for pulmonary embolism,#NA,#NA,#NA
23662,23960,"Biologisk Institut, Københavns Universitet",Professor,Søren Sørensen,#NA,#NA,#NA,#NA,1575359,2018,NOVO,The role of low-virulence bacteria located on prosthetic breast implants in the development of capsular contracture,#NA,#NA,#NA
23663,23961,Undervisningsfysik v/Søren Storm,CEO,Søren Storm,#NA,#NA,#NA,#NA,3050776,2018,NOVO,Hverdagsfysik,#NA,#NA,#NA
23664,23962,"Department of Cardiology, Aarhus Universitetshospital",Senior Researcher,Steen Hvitfeldt Poulsen,#NA,#NA,#NA,#NA,1935397,2018,NOVO,"The effect of metoprolol on myocardial function, perfusion and hemodynamics in symptomatic patients with hypertrophic obstructive cardiomyopathy.",#NA,#NA,#NA
23665,23964,"Syddansk Universitet Odense, Department of Molecular Medicine",Professor,Steffen Husby,#NA,#NA,#NA,#NA,150000,2018,NOVO,Effects of peptidoglycan recognition peptide-2 in chemoterapy-induced gastrointestinal toxicity,#NA,#NA,#NA
23666,23965,Denmark,nan,Steno DK,#NA,#NA,#NA,#NA,6000000,2018,NOVO,Steno DK - network and knowledge sharings activities 2018-20,#NA,#NA,#NA
23667,23966,"Department of Plant and Environmental Sciences, University of Copenhagen",Associate Professor,Stephan Wenkel,#NA,#NA,#NA,#NA,2973000,2018,NOVO,Increasing folate levels in crop plants by microProtein-engineering,#NA,#NA,#NA
23668,23967,"Department of Physical Therapy, Bispebjerg Hospital",Professor,Stig Peter Magnusson,#NA,#NA,#NA,#NA,1732136,2018,NOVO,"Muscle cell adaptation, collagen healing and clinical outcome following ruptured Achilles tendon: Optimizing rehabilitation",#NA,#NA,#NA
23669,23968,"Sektion for Cellebiologi og Fysiologi, University of Copenhagen",Professor,Stine Falsig Pedersen,#NA,#NA,#NA,#NA,1000000,2018,NOVO,Investigating the role of NHE1-mediated Ca2+-dysregulation and mitochondrial damage in non-alcoholic steatohepatitis (NASH),#NA,#NA,#NA
23670,23969,"Departments of Clinical Biochemistry & Endocrinology, Aalborg University Hospital",Forsker,Stine Linding Andersen,#NA,#NA,#NA,#NA,1869000,2018,NOVO,Maternal thyroid function and thyroid autoimmunity and the risk of pregnancy complications,#NA,#NA,#NA
23671,23970,nan,Professor,Sundeep Khosla,#NA,#NA,#NA,#NA,1500000,2018,NOVO,"Gave the prize lecture ""Targeting cellular senescence to treat age-related osteporosis and other comorbidities"" in Odense",#NA,#NA,#NA
23672,23971,"Department of Biomedicine, Aarhus Universitet",Assistant Professor,Sune Skeldal,#NA,#NA,#NA,#NA,500000,2018,NOVO,Validation of novel Progranolin interaction partner as a target in dementia,#NA,#NA,#NA
23673,23972,Rigshospitalet,Lektor,Susanne Dam Poulsen,#NA,#NA,#NA,#NA,5000000,2018,NOVO,Immune function as predictor of clinical outcomes in patients on immune modulating therapy,#NA,#NA,#NA
23674,23973,"Department of Clinical Microbiology, Rigshospitalet",Professor,Susanne Häussler,#NA,#NA,#NA,#NA,50000000,2018,NOVO,Fighting antimicrobial resistance with molecular diagnostics,#NA,#NA,#NA
23675,23974,University of Southern Denmark,Professor,Susanne Mandrup,#NA,#NA,#NA,#NA,60000000,2018,NOVO,ADIPOSIGN - Center for Adipocyte Signaling,#NA,#NA,#NA
23676,23975,"Danish Cancer Society Research Center, Kræftens Bekæmpelse",Senior Researcher,Susanne Oksbjerg Dalton,#NA,#NA,#NA,#NA,2000000,2018,NOVO,SEQUEL: Social inequality in health after cancer-a nationwide clinical cancer database and questionnaire study,#NA,#NA,#NA
23677,23976,"Steno Diabetes Center Copenhagen (SDCC), Complications Research",Senior Researcher,Tarunveer Singh Ahluwalia,#NA,#NA,#NA,#NA,4361951,2018,NOVO,Re-evaluating albuminuria in diabetes: from patient genotyping to functional validation,#NA,#NA,#NA
23678,23977,Greenland,nan,"The Agency for Health and Prevention, Greenland",#NA,#NA,#NA,#NA,400000,2018,NOVO,Project Management,#NA,#NA,#NA
23679,23978,Greenland,nan,"The Agency for Health and Prevention, Greenland",#NA,#NA,#NA,#NA,2000000,2018,NOVO,Project Management,#NA,#NA,#NA
23680,23979,Denmark,nan,The Central Denmark Region,#NA,#NA,#NA,#NA,982000000,2018,NOVO,Steno Diabetes Center Aarhus - running cost,#NA,#NA,#NA
23681,23980,Denmark,nan,The Central Denmark Region,#NA,#NA,#NA,#NA,406800000,2018,NOVO,Steno Diabetes Center Aarhus - building,#NA,#NA,#NA
23682,23981,Denmark,nan,The North Denmark Region,#NA,#NA,#NA,#NA,475000000,2018,NOVO,Steno Diabetes Center North Denmark - running cost,#NA,#NA,#NA
23683,23982,Denmark,nan,The North Denmark Region,#NA,#NA,#NA,#NA,319500000,2018,NOVO,Steno Diabetes Center North Denmark - building,#NA,#NA,#NA
23684,23983,University of Copenhagen,nan,The Novo Nordisk Foundation Center for Basic Metabolic Resesarch,#NA,#NA,#NA,#NA,8360000,2018,NOVO,Copenhagen Bioscience PhD Programme,#NA,#NA,#NA
23685,23984,Technical University of Denmark,nan,The Novo Nordisk Foundation Center for Biosustainability,#NA,#NA,#NA,#NA,6270000,2018,NOVO,Copenhagen Bioscience PhD Programme,#NA,#NA,#NA
23686,23985,University of Copenhagen,nan,The Novo Nordisk Foundation Center for Protein Research,#NA,#NA,#NA,#NA,10450000,2018,NOVO,Copenhagen Bioscience PhD Programme,#NA,#NA,#NA
23687,23986,University of Copenhagen,nan,The Novo Nordisk Foundation Center for Stem Cell Biology,#NA,#NA,#NA,#NA,8360000,2018,NOVO,Copenhagen Bioscience PhD Programme,#NA,#NA,#NA
23688,23987,"Dept of Infectious Diseases, Hvidovre Hospital",Professor,Thomas Benfield,#NA,#NA,#NA,#NA,7605137,2018,NOVO,Shortened Antibiotic Treatment in Community-Acquired Pneumonia: A Nationwide Danish Randomized Clinical Trial,#NA,#NA,#NA
23689,23988,"Chemistry, KTH Royal Institute of Technology",Senior Researcher,Thomas Crouzier,#NA,#NA,#NA,#NA,500000,2018,NOVO,Repairing dry mucosa one mucin at a time,#NA,#NA,#NA
23690,23989,Københavns Professionshøjskole,nan,Thomas Dyreborg Andersen,#NA,#NA,#NA,#NA,250000,2018,NOVO,NNF Naturfagsunderviser på læreruddannelsen 2018,#NA,#NA,#NA
23691,23990,"Hjertemedicinsk afdeling, Rigshospitalet",Professor,Thomas Engstrøm,#NA,#NA,#NA,#NA,7575000,2018,NOVO,Ischemic Postconditioning in STEMI,#NA,#NA,#NA
23692,23991,"Department of Plant and Environmental Sciences, University of Copenhagen",Professor,Thomas Günther-Pomorski,#NA,#NA,#NA,#NA,2999000,2018,NOVO,Engineering yeast membranes for improved production of high-value compounds,#NA,#NA,#NA
23693,23992,Aarhus University,nan,Thomas Hansen,#NA,#NA,#NA,#NA,800000,2018,NOVO,Improved technology for miRNA inhibition using circular RNA,#NA,#NA,#NA
23694,23993,"Faculty of Health, Københavns Universitet",Professor,Thomas Jespersen,#NA,#NA,#NA,#NA,14998200,2018,NOVO,Sudden Arrhythmogenic Death Syndrome in the Young (SADS-Young),#NA,#NA,#NA
23695,23994,Holstebro Tekniske Gymnasium,nan,Thomas Lynghøj Christensen,#NA,#NA,#NA,#NA,250000,2018,NOVO,NNF Naturvidenskabelige Gymnasielærerpris 2018 - Vest,#NA,#NA,#NA
23696,23995,"Faculty of Medicine, University of Helsinki",Assistant Professor,Thomas McWilliams,#NA,#NA,#NA,#NA,5000000,2018,NOVO,Unravelling the regulation of basal mitophagy in endocrine dysfunction,#NA,#NA,#NA
23697,23996,"Department of Biomedicine, Aarhus University",Professor,Thomas Willnow,#NA,#NA,#NA,#NA,50000000,2018,NOVO,VPS10P domain receptors: elucidating the metabolic basis of Alzheimer’s disease,#NA,#NA,#NA
23698,23997,"Department of Gynecology and Obstetrics, Nordsjællands Hospital",Associate Professor,Tine Dalsgaard Clausen,#NA,#NA,#NA,#NA,972750,2018,NOVO,DANBIOTA: Origin of the human microbiota-the role of the amniotic fluid.,#NA,#NA,#NA
23699,23998,"Aarhus University, Department of Chemistry",Associate Professor,Tobias Weidner,#NA,#NA,#NA,#NA,9448775,2018,NOVO,Nanosurface Scattering Sum Frequency Spectrometer-NanoScat,#NA,#NA,#NA
23700,23999,"Department of Cardiology, Gentofte Hospital",Senior Researcher,Tor Biering-Sørensen,#NA,#NA,#NA,#NA,150000,2018,NOVO,Cardiac structure and function in HIV patients,#NA,#NA,#NA
23701,24000,"Gentofte Hospital, Institute of Clinical Medicine, Faculty of Health and Medical Sciences, University of Copenhagen",Senior Researcher,Tor Biering-Sørensen,#NA,#NA,#NA,#NA,150000,2018,NOVO,Influenza Vaccination in Cardiovascular Disease. A nationwide epidemiological study.,#NA,#NA,#NA
23702,24001,"NNF Center for Basic Metabolic Research, University of Copenhagen",Professor,Torben Hansen,#NA,#NA,#NA,#NA,2925220,2018,NOVO,Unravelling mechanisms related to glucose stimulated beta cell function - A systematic genetic examination of measures of oral glucose stimulated insulin secretion,#NA,#NA,#NA
23703,24002,University of Aarhus,Professor,Torben Heick Jensen,#NA,#NA,#NA,#NA,59941281,2018,NOVO,"Function, structure, regulation and targeting of exosome adaptor complexes",#NA,#NA,#NA
23704,24003,VIVE-The Danish Center for Social Science Research,Professor,Torben Tranæs,#NA,#NA,#NA,#NA,9990525,2018,NOVO,The socioeconomic impact of research-based innovations-implementation and long-term consequences of population-based childhood vaccine programs,#NA,#NA,#NA
23705,24004,VIVE-The Danish Center for Social Science Research,Professor,Torben Tranæs,#NA,#NA,#NA,#NA,9990525,2018,NOVO,The socioeconomic impact of research-based innovations-implementation and long-term consequences of population-based childhood vaccine programs,#NA,#NA,#NA
23706,24005,nan,nan,Trampolinhuset,#NA,#NA,#NA,#NA,269632,2018,NOVO,Pilotprojekt: Børneklub med social og sprogfaglig kompetenceudvikling for asylbørn og deres forældre,#NA,#NA,#NA
23707,24006,"Department of Nephrology, Copenhagen University Hospital",Ph.D. Student,Trine Nielsen,#NA,#NA,#NA,#NA,345500,2018,NOVO,Optimization of medication adherence in patients with chronic kidney disease: A mixed-methods study with active involvement of patient representatives,#NA,#NA,#NA
23708,24007,"Aarhus University Hospital, Steno Diabetes Centre Aarhus (SDCA)",Professor,Troels Staehelin Jensen,#NA,#NA,#NA,#NA,4378100,2018,NOVO,Exploring novel risk markers and potential treatment targets for neuropathic pain in type 1 diabetes,#NA,#NA,#NA
23709,24008,nan,nan,TUBA Danmark,#NA,#NA,#NA,#NA,2112806,2018,NOVO,TUBA: Forskning i effekt,#NA,#NA,#NA
23710,24009,"University of Southern Denmark, Department of Molecular Medicine",Professor,Uffe Holmskov,#NA,#NA,#NA,#NA,1400000,2018,NOVO,FIBCD1 mediated signal transduction pathways regulates gut inflammation,#NA,#NA,#NA
23711,24010,"Rigshospitalet, Department of Medical Endocrinology, PE 2131",Professor,Ulla Feldt-Rasmussen,#NA,#NA,#NA,#NA,150000,2018,NOVO,The influence of the endocrine disruptor triclosan on human thyroid cell functions,#NA,#NA,#NA
23712,24011,"Ortopedic Department, Holbaek Hospital, Region Sjaelland",Postdoc,Ulla Riis Madsen,#NA,#NA,#NA,#NA,1800000,2018,NOVO,WHAT IS THERE TO HOPE FOR IF THE WOUND DOES NOT HEAL Palliation and rehabilitation for people in risk of having a leg amputated due to chronic leg wound,#NA,#NA,#NA
23713,24013,nan,nan,"UNHCR, The UN Refugee Agency",#NA,#NA,#NA,#NA,737903,2018,NOVO,Rohingya Humanitarian Crisis: Providing urgent shelter and education facilities to vulnerable Rohinga refugees in Bangladesh,#NA,#NA,#NA
23714,24014,nan,nan,"UNHCR, The UN Refugee Agency",#NA,#NA,#NA,#NA,720652,2018,NOVO,Helping adolescent refugee girls in Kenya rebuild their lives through access to youth education,#NA,#NA,#NA
23715,24015,nan,nan,UNICEF Danmark,#NA,#NA,#NA,#NA,749320,2018,NOVO,Humanitarian appeal for Rohingya children in Bangladesh (Cyclone season),#NA,#NA,#NA
23716,24016,nan,nan,UNICEF Danmark,#NA,#NA,#NA,#NA,745726,2018,NOVO,Humanitarian assistance to cover urgent needs in South Sudan,#NA,#NA,#NA
23717,24017,nan,nan,UNICEF Danmark,#NA,#NA,#NA,#NA,748557,2018,NOVO,Hjælp til ebolaudbrud i regionerne Ivu og Ituri i Congo,#NA,#NA,#NA
23718,24018,nan,nan,UNICEF Danmark,#NA,#NA,#NA,#NA,734793,2018,NOVO,Hjælp til fødevarer og sygdomsbehandling af børn i Yemen,#NA,#NA,#NA
23719,24019,"Clinical Sciences, University of Bergen",Professor,Valeriya Lyssenko,#NA,#NA,#NA,#NA,2000000,2018,NOVO,DIAFORCAST: DIAbetes prognosis FOR the risk of progression to Complications And Stratified Therapy,#NA,#NA,#NA
23720,24020,"Unit of Lipid Signaling and Homeostasis, Minerva Foundation Institute for Medical Research",Professor,Vesa Olkkonen,#NA,#NA,#NA,#NA,708750,2018,NOVO,The impact of Angiopoietin-like protein 3 depletion on hepatocellular functions and circulating lipoproteins: Novel insights into a promising therapy target,#NA,#NA,#NA
23721,24021,"University of Copenhagen, Department of Biology",Associate Professor,Vibe H. Østergaard,#NA,#NA,#NA,#NA,1300000,2018,NOVO,Immediate cellular responses to transcription-replication conflicts,#NA,#NA,#NA
23722,24022,"Department of Pediatrics, Rigshospitalet",Medical Specialist,Vibeke Brix Christensen,#NA,#NA,#NA,#NA,851089,2018,NOVO,Biliary Atresia-a rare congenital liver disease with a poor neurodevelopmental outcome.,#NA,#NA,#NA
23723,24023,"Diabetes Management Research, Health Promotion, Steno Diabetes Center Copenhagen",Postdoc,Vibeke Stenov,#NA,#NA,#NA,#NA,1790670,2018,NOVO,A nurse-led group intervention to reduce diabetes distress in adults with type 1 diabetes,#NA,#NA,#NA
23724,24024,"Research Program of Molecular and Integrative Biosciences, University of Helsinki",Lektor,Ville Hietakangas,#NA,#NA,#NA,#NA,750000,2018,NOVO,"Intestinal sugar sensing, mechanisms and physiological relevance",#NA,#NA,#NA
23725,24025,"Aarhus University, Department of Biomedicine",Associate Professor,Vladimir Matchkov,#NA,#NA,#NA,#NA,1500000,2018,NOVO,"Does a migraine-associated mutation in the Na,K-ATPase cause cardiac dysfunction?",#NA,#NA,#NA
23726,24026,"Department of Micro- and Nanotechnology, Technical University of Denmark",Associate Professor,Winnie E. Svendsen,#NA,#NA,#NA,#NA,2996000,2018,NOVO,MagicBox: Digital microfluidics platform for strain development in biotechnology,#NA,#NA,#NA
23727,24027,nan,nan,World Diabetes Foundation,#NA,#NA,#NA,#NA,31200000,2018,NOVO,National response to NCDs in Tanzania,#NA,#NA,#NA
23728,24028,nan,nan,World Economic Forum,#NA,#NA,#NA,#NA,10102435,2018,NOVO,World Economic Forum (Davos),#NA,#NA,#NA
23729,24029,"University of Copenhagen, Department of Computer Science",Assistant Professor,Wouter Boomsma,#NA,#NA,#NA,#NA,1821987,2018,NOVO,Predicting mutation-induced changes in protein stability: beyond the static picture,#NA,#NA,#NA
23730,24030,"Department of Biology, University of Copenhagen",Lektor,Xu Peng,#NA,#NA,#NA,#NA,9995099,2018,NOVO,Functional and evolutionary understanding into the interaction between microbial CRISPR-Cas immunity and viral anti-CRISPR proteins,#NA,#NA,#NA
23731,24031,"Department of Biology and Biological Engineering, Chalmers University of Technology",Project Leader,Yun Chen,#NA,#NA,#NA,#NA,2894000,2018,NOVO,Systems metabolic engineering of yeast for production of flavonoids,#NA,#NA,#NA
23732,24032,Det natur-tekniske værksted Skramloteket,School Teacher,Yvonne Herguth Nygaard,#NA,#NA,#NA,#NA,1337500,2018,NOVO,Teknologi til afgangsprøven,#NA,#NA,#NA
23733,24033,"Section for Metabolic Receptology, University of Copenhagen",Lektor,Zachary Gerhart-Hines,#NA,#NA,#NA,#NA,998841,2018,NOVO,NON-STOP BAT: Non-adrenergic Stimulation of Potent Brown Adipose Thermogenesis,#NA,#NA,#NA
